-- --------------------------------------------------------
-- Host:                         127.0.0.1
-- Server version:               10.4.6-MariaDB - mariadb.org binary distribution
-- Server OS:                    Win64
-- HeidiSQL Version:             9.5.0.5196
-- --------------------------------------------------------

/*!40101 SET @OLD_CHARACTER_SET_CLIENT=@@CHARACTER_SET_CLIENT */;
/*!40101 SET NAMES utf8 */;
/*!50503 SET NAMES utf8mb4 */;
/*!40014 SET @OLD_FOREIGN_KEY_CHECKS=@@FOREIGN_KEY_CHECKS, FOREIGN_KEY_CHECKS=0 */;
/*!40101 SET @OLD_SQL_MODE=@@SQL_MODE, SQL_MODE='NO_AUTO_VALUE_ON_ZERO' */;

-- Dumping structure for table carsale.car
CREATE TABLE IF NOT EXISTS `car` (
  `car_id` int(11) NOT NULL AUTO_INCREMENT,
  `car_name` varchar(50) NOT NULL,
  `category` varchar(50) NOT NULL,
  `type` varchar(50) NOT NULL,
  `des` varchar(500) NOT NULL,
  `price` double NOT NULL,
  PRIMARY KEY (`car_id`)
) ENGINE=InnoDB AUTO_INCREMENT=33 DEFAULT CHARSET=utf8;

-- Dumping data for table carsale.car: ~2 rows (approximately)
/*!40000 ALTER TABLE `car` DISABLE KEYS */;
INSERT INTO `car` (`car_id`, `car_name`, `category`, `type`, `des`, `price`) VALUES
	(1, 'Vios 1.5E (MT)', 'SEDAN', 'Toyota Vios', 'Toyota Innova Vios 1.5E Xe Đủ Màu, Giao Luôn   - Ưu đãi cực lớn cho các dòng xe Vios', 531000000),
	(2, 'Vios 1.5E (CVT)', 'SEDAN', 'Toyota Vios', 'Toyota Innova Vios 1.5E CVT Xe Đủ Màu, Giao Luôn   - Ưu đãi cực lớn cho các dòng xe Vios', 569000000),
	(3, 'Vios G(CVT)', 'SEDAN', 'Toyota Vios', '• Số chỗ ngồi : 5 chỗ  • Kiểu dáng : Sedan  • Nhiên liệu : Xăng  • Xuất xứ : Xe trong nước  • Thông tin khác:  + Số tự động vô cấp + Động cơ xăng dung tích 1.496 cm3 Hotline đặt hàng: 0973.631.248', 606000000),
	(4, 'Fortuner 2.4G 4×2 AT', 'SUV', 'Toyota Fortun', 'Toyota Fortuner 2.4G (4x2) Khuyến Mãi Lớn, Xe Đủ Màu, Giao Luôn   - CD, ghế nỉ, 1 cầu số tự động máy dầu, động cơ thế hệ mới', 1094000000),
	(5, 'Toyota Wigo 1.2 MT', 'HATCHBACK', 'Toyota Wigo', 'Toyota Wigo- Giao Cực Sớm Với Nhiều Quà Tặng Hấp Dẫn ', 345000000),
	(6, 'Toyota Wigo 1.2 AT', 'HATCHBACK', 'Toyota Wigo', 'Toyota Wigo- Giao Cực Sớm Với Nhiều Quà Tặng Hấp Dẫn ', 405000000),
	(7, 'Toyota Rush 2018', 'SUV', 'Toyota Rush', 'Toyota Rush- Giao Cực Sớm Với Nhiều Quà Tặng Hấp Dẫn ', 668000000),
	(8, 'Toyota Avanza 1.5AT', 'ĐA DỤNG', 'Toyota Avanza', 'Toyota Avanza- Giao Cực Sớm Với Nhiều Quà Tặng Hấp Dẫn ', 593000000),
	(9, 'Toyota Avanza 1.3MT', 'ĐA DỤNG', 'Toyota Avanza', 'Toyota Avanza- Giao Cực Sớm Với Nhiều Quà Tặng Hấp Dẫn ', 537000000),
	(10, 'Fortuner 2.7V 4×2', 'SUV', 'Toyota Fortuner', 'Toyota Fortuner 2.7V (4x2) Khuyến Mãi Lớn, Xe Đủ Màu, Giao Luôn   - DVD, khởi động start/stop, ghế da, 1 cầu số tự động máy xăng', 1150000000),
	(11, 'Fortuner 2.8V 4×4', 'SUV', 'Toyota Fortuner', 'Toyota Fortuner 2.7V (4x4) Khuyến Mãi Lớn, Xe Đủ Màu, Giao Luôn   - DVD, khởi động start/stop, ghế da, 2 cầu số tự động máy xăng - Bộ quà tặng hấp dẫn', 1350000000),
	(12, 'Hilux 2.4G 4x4MT', 'BÁN TẢI', 'Toyota Hilux', 'Toyota Hilux 2.4G 4x4MT Khuyến Mãi Lớn, Xe Đủ Màu, Giao Luôn   - CD, ghế nỉ, 2 cầu số sàn máy dầu, động cơ thế hệ mới', 793000000),
	(13, 'Hilux 2.4E 4×2 AT', 'BÁN TẢI', 'Toyota Hilux', 'Toyota Hilux 2.4G 4x4MT Khuyến Mãi Lớn, Xe Đủ Màu, Giao Luôn   - CD, ghế nỉ, 2 cầu số sàn máy dầu, động cơ thế hệ mới', 695000000),
	(14, 'Hilux 2.8G 4×4 AT', 'BÁN TẢI', 'Toyota Hilux', 'Toyota Hilux 2.4G 4x4MT Khuyến Mãi Lớn, Xe Đủ Màu, Giao Luôn   - CD, ghế nỉ, 2 cầu số sàn máy dầu, động cơ thế hệ mới', 878000000),
	(15, 'Yaris G CVT', 'HATCHBACK', 'Toyota Yaris', 'Toyota Yairs 1.5G  Xe Đủ Màu, Giao Luôn   - DCD, ghế da, số tự động, khởi động nút bấm', 650000000),
	(16, 'Toyota Alphard', 'ĐA DỤNG', 'Toyota Alphard Luxyry', 'Toyota Alphard Giao Sớm  - Trải nghiệm Alphard. Trải nghiệm Đẳng cấp thương gia - Tiện nghi hạng nhất', 4038000000),
	(17, 'Corolla Altis 2.0 Luxury', 'SEDAN', 'Toyota Corola Altis', 'Toyota Corolla Altis 2.0 Luxury  Xe Đủ Màu, Giao Luôn   - Giảm giá tiền mặt cực lớn cho các dòng xe Altis', 864000000),
	(18, 'Corolla Altis 1.8G (CVT)', 'SEDAN', 'Toyota Corola Altis', 'Toyota Corolla Altis 1.8G Xe Đủ Màu, Giao Luôn   - Giảm giá tiền mặt cực lớn cho các dòng xe Altis', 791000000),
	(19, 'Corolla Altis 2.0V Sport', 'SEDAN', 'Toyota Corola Altis', 'Toyota Corolla Altis 2.0V Sport Xe Đủ Màu, Giao Luôn   - Giảm giá tiền mặt cực lớn cho các dòng xe Altis', 90500000),
	(20, 'Corolla Altis 1.8E (CVT)', 'SEDAN', 'Toyota Corola Altis', 'Toyota Corolla Altis 1.8E Xe Đủ Màu, Giao Luôn   - Giảm giá tiền mặt cực lớn cho các dòng xe Altis', 733000000),
	(21, 'Corolla Altis 1.8E (MT)', 'SEDAN', 'Toyota Corola Altis', 'Toyota Corolla Altis 1.8E MT  Xe Đủ Màu, Giao Luôn   - Giảm giá tiền mặt cực lớn cho các dòng xe Altis', 678000000),
	(22, 'Innova 2.0V', 'ĐA DỤNG', 'Toyota Innova', 'Toyota Innova 2.0V Xe Đủ Màu, Giao Luôn   - Giảm giá tiền mặt cực lớn cho các dòng xe Innova', 971000000),
	(23, 'Innova Venturer', 'ĐA DỤNG', 'Toyota Innova', 'Toyota Innova Venturer Xe Đủ Màu, Giao Luôn   - Giảm giá tiền mặt cực lớn cho các dòng xe Innova', 878000000),
	(24, 'Innova 2.0G', 'ĐA DỤNG', 'Toyota Innova', 'Toyota Innova G Xe Đủ Màu, Giao Luôn   - Giảm giá tiền mặt cực lớn cho các dòng xe Innova', 847000000),
	(25, 'Innova 2.0E', 'ĐA DỤNG', 'Toyota Innova', 'Toyota Innova E Xe Đủ Màu, Giao Luôn   - Giảm giá tiền mặt cực lớn cho các dòng xe Innova', 771000000),
	(26, 'Camry 2.5Q', 'SEDAN', 'Toyota Camry', 'Toyota Innova Camry 2.5Q Xe Đủ Màu, Giao Luôn   - Giảm giá tiền mặt cực lớn cho các dòng xe Camry', 1302000000),
	(27, 'Camry 2.5G', 'SEDAN', 'Toyota Camry', 'Toyota Innova Camry 2.5G Xe Đủ Màu, Giao Luôn   - Giảm giá tiền mặt cực lớn cho các dòng xe Camry', 1106000000),
	(28, 'Camry 2.0E', 'SEDAN', 'Toyota Camry', 'Toyota Innova Camry 2.5G Xe Đủ Màu, Giao Luôn   - Giảm giá tiền mặt cực lớn cho các dòng xe Camry', 997000000),
	(29, 'Vios 1.5G (CVT)', 'SEDAN', 'Toyota Vios', 'Toyota Innova Vios 1.5G Xe Đủ Màu, Giao Luôn   - Ưu đãi cực lớn cho các dòng xe Vios', 606000000),
	(30, 'Hiace Động cơ dầu', 'BÁN TẢI', 'Toyota Hiace', 'Toyota Hiace- Giao Luôn Với Nhiều Quà Tặng Khuyến Mại Hấp Dẫn ', 999000000);
/*!40000 ALTER TABLE `car` ENABLE KEYS */;

-- Dumping structure for table carsale.city_fee
CREATE TABLE IF NOT EXISTS `city_fee` (
  `city_fee_id` int(11) NOT NULL AUTO_INCREMENT,
  `city_name` varchar(50) NOT NULL,
  `tax` double NOT NULL,
  PRIMARY KEY (`city_fee_id`)
) ENGINE=InnoDB AUTO_INCREMENT=4 DEFAULT CHARSET=utf8;

-- Dumping data for table carsale.city_fee: ~0 rows (approximately)
/*!40000 ALTER TABLE `city_fee` DISABLE KEYS */;
INSERT INTO `city_fee` (`city_fee_id`, `city_name`, `tax`) VALUES
	(1, 'Hà Nội', 0.12),
	(2, 'Hồ Chí Minh', 0.1),
	(3, 'Thành phố khác', 0.1);
/*!40000 ALTER TABLE `city_fee` ENABLE KEYS */;

-- Dumping structure for table carsale.comment
CREATE TABLE IF NOT EXISTS `comment` (
  `comment_id` int(11) NOT NULL AUTO_INCREMENT,
  `content` varchar(2000) NOT NULL,
  `time_comment` datetime NOT NULL,
  `user_id` int(11) NOT NULL,
  `post_id` int(11) NOT NULL,
  PRIMARY KEY (`comment_id`),
  KEY `user_id` (`user_id`),
  KEY `post_id` (`post_id`),
  CONSTRAINT `comment_ibfk_1` FOREIGN KEY (`user_id`) REFERENCES `user` (`user_id`),
  CONSTRAINT `comment_ibfk_2` FOREIGN KEY (`post_id`) REFERENCES `post` (`post_id`)
) ENGINE=InnoDB DEFAULT CHARSET=utf8;

-- Dumping data for table carsale.comment: ~0 rows (approximately)
/*!40000 ALTER TABLE `comment` DISABLE KEYS */;
/*!40000 ALTER TABLE `comment` ENABLE KEYS */;

-- Dumping structure for table carsale.description
CREATE TABLE IF NOT EXISTS `description` (
  `des_id` int(11) NOT NULL AUTO_INCREMENT,
  `content` varchar(2000) NOT NULL,
  `type_des` varchar(50) NOT NULL,
  `des_img` varchar(100) NOT NULL,
  `car_id` int(11) NOT NULL,
  PRIMARY KEY (`des_id`),
  KEY `car_id` (`car_id`),
  CONSTRAINT `description_ibfk_1` FOREIGN KEY (`car_id`) REFERENCES `car` (`car_id`)
) ENGINE=InnoDB AUTO_INCREMENT=301 DEFAULT CHARSET=utf8;

-- Dumping data for table carsale.description: ~0 rows (approximately)
/*!40000 ALTER TABLE `description` DISABLE KEYS */;
INSERT INTO `description` (`des_id`, `content`, `type_des`, `des_img`, `car_id`) VALUES
	(1, 'Cụm đèn trước xe  được trang bị đèn halogen phản xạ đa chiều trên nền mạ kim loại sáng bóng, đảm bảo hiệu quả chiếu sáng tối ưu khi di chuyển trên đường.', 'ngoại thất', 'image/oxncrh.jpg', 1),
	(2, 'Mâm xe 15 inch mang diện mạo cá tính mạnh mẽ đầy thu hút', 'ngoại thất', 'image/ret3mu.png', 1),
	(3, 'Hông xe với những đường dập nổi chạy dài tạo cá tính mạnh mẽ.', 'ngoại thất', 'image/yekky2.png', 1),
	(4, 'Gương chiếu hậu tích hợp điều chỉnh gập điện tạo nên sự tiện nghi cho lái xe', 'ngoại thất', 'image/yqbil4.png', 1),
	(5, 'Hàng ghế sau được thiết kế tạo cho hành khách tư thế ngồi thoải mái, ghế sau gập 60-40 dễ dàng chở các hành lý cồng kềnh.', 'nội thất', 'image/3rjmoj.png', 1),
	(6, 'Cụm đồng hồ sắc nét chia thành 3 cụm chính hiển thị rõ ràng thông tin cho người lái.', 'nội thất', 'image/ox4hma.png', 1),
	(7, 'Hệ thống điều hòa chỉnh tay giúp người lái xe tùy thời điều chỉnh tăng giảm nhiệt độ phù hợp, tạo không khi thoải mái', 'nội thất', 'image/m5jaoi.png', 1),
	(8, 'Khoang hành lý được thiết kế rộng rãi, đáp ứng nhu cầu khách hàng', 'nội thất', 'image/zbjxtx.png', 1),
	(9, 'Hộp số sàn 5 cấp tiết kiệm nhiên liệu, giúp khách hàng cảm nhận cảm giác lái qua từng cung đường địa hình khác nhau.', 'vận hành', 'image/2bsp33.png', 1),
	(10, 'Động cơ mới được trang bị hệ thống Dual VVT-i giúp tiết kiệm nhiên liệu, vận hành êm ái, thân thiện với môi trường', 'vận hành', 'image/wsdem3.png', 1),
	(11, 'Cụm đèn trước xe  được trang bị đèn halogen phản xạ đa chiều trên nền mạ kim loại sáng bóng, đảm bảo hiệu quả chiếu sáng tối ưu khi di chuyển trên đường.', 'ngoại thất', 'image/oxncrh.jpg', 2),
	(12, 'Mâm xe 15 inch mang diện mạo cá tính mạnh mẽ đầy thu hút', 'ngoại thất', 'image/ret3mu.png', 2),
	(13, 'Hông xe với những đường dập nổi chạy dài tạo cá tính mạnh mẽ.', 'ngoại thất', 'image/yekky2.png', 2),
	(14, 'Gương chiếu hậu tích hợp điều chỉnh gập điện tạo nên sự tiện nghi cho lái xe', 'ngoại thất', 'image/yqbil4.png', 2),
	(15, 'Hàng ghế sau được thiết kế tạo cho hành khách tư thế ngồi thoải mái, ghế sau gập 60-40 dễ dàng chở các hành lý cồng kềnh.', 'nội thất', 'image/3rjmoj.png', 2),
	(16, 'Cụm đồng hồ sắc nét chia thành 3 cụm chính hiển thị rõ ràng thông tin cho người lái.', 'nội thất', 'image/ox4hma.png', 2),
	(17, 'Hệ thống điều hòa chỉnh tay giúp người lái xe tùy thời điều chỉnh tăng giảm nhiệt độ phù hợp, tạo không khi thoải mái', 'nội thất', 'image/m5jaoi.png', 2),
	(18, 'Khoang hành lý được thiết kế rộng rãi, đáp ứng nhu cầu khách hàng', 'nội thất', 'image/zbjxtx.png', 2),
	(19, 'Hộp số sàn 5 cấp tiết kiệm nhiên liệu, giúp khách hàng cảm nhận cảm giác lái qua từng cung đường địa hình khác nhau.', 'vận hành', 'image/2bsp33.png', 2),
	(20, 'Động cơ mới được trang bị hệ thống Dual VVT-i giúp tiết kiệm nhiên liệu, vận hành êm ái, thân thiện với môi trường', 'vận hành', 'image/wsdem3.png', 2),
	(21, 'Cụm đèn trước xe  được trang bị đèn halogen phản xạ đa chiều trên nền mạ kim loại sáng bóng, đảm bảo hiệu quả chiếu sáng tối ưu khi di chuyển trên đường.', 'ngoại thất', 'image/oxncrh.jpg', 3),
	(22, 'Mâm xe 15 inch mang diện mạo cá tính mạnh mẽ đầy thu hút', 'ngoại thất', 'image/ret3mu.png', 3),
	(23, 'Hông xe với những đường dập nổi chạy dài tạo cá tính mạnh mẽ.', 'ngoại thất', 'image/yekky2.png', 3),
	(24, 'Gương chiếu hậu tích hợp điều chỉnh gập điện tạo nên sự tiện nghi cho lái xe', 'ngoại thất', 'image/yqbil4.png', 3),
	(25, 'Hàng ghế sau được thiết kế tạo cho hành khách tư thế ngồi thoải mái, ghế sau gập 60-40 dễ dàng chở các hành lý cồng kềnh.', 'nội thất', 'image/3rjmoj.png', 3),
	(26, 'Cụm đồng hồ sắc nét chia thành 3 cụm chính hiển thị rõ ràng thông tin cho người lái.', 'nội thất', 'image/ox4hma.png', 3),
	(27, 'Hệ thống điều hòa chỉnh tay giúp người lái xe tùy thời điều chỉnh tăng giảm nhiệt độ phù hợp, tạo không khi thoải mái', 'nội thất', 'image/m5jaoi.png', 3),
	(28, 'Khoang hành lý được thiết kế rộng rãi, đáp ứng nhu cầu khách hàng', 'nội thất', 'image/zbjxtx.png', 3),
	(29, 'Hộp số sàn 5 cấp tiết kiệm nhiên liệu, giúp khách hàng cảm nhận cảm giác lái qua từng cung đường địa hình khác nhau.', 'vận hành', 'image/2bsp33.png', 3),
	(30, 'Động cơ mới được trang bị hệ thống Dual VVT-i giúp tiết kiệm nhiên liệu, vận hành êm ái, thân thiện với môi trường', 'vận hành', 'image/wsdem3.png', 3),
	(31, 'Cụm đèn trước xe  được trang bị đèn halogen phản xạ đa chiều trên nền mạ kim loại sáng bóng, đảm bảo hiệu quả chiếu sáng tối ưu khi di chuyển trên đường.', 'ngoại thất', 'image/oxncrh.jpg', 4),
	(32, 'Mâm xe 15 inch mang diện mạo cá tính mạnh mẽ đầy thu hút', 'ngoại thất', 'image/ret3mu.png', 4),
	(33, 'Hông xe với những đường dập nổi chạy dài tạo cá tính mạnh mẽ.', 'ngoại thất', 'image/yekky2.png', 4),
	(34, 'Gương chiếu hậu tích hợp điều chỉnh gập điện tạo nên sự tiện nghi cho lái xe', 'ngoại thất', 'image/yqbil4.png', 4),
	(35, 'Hàng ghế sau được thiết kế tạo cho hành khách tư thế ngồi thoải mái, ghế sau gập 60-40 dễ dàng chở các hành lý cồng kềnh.', 'nội thất', 'image/3rjmoj.png', 4),
	(36, 'Cụm đồng hồ sắc nét chia thành 3 cụm chính hiển thị rõ ràng thông tin cho người lái.', 'nội thất', 'image/ox4hma.png', 4),
	(37, 'Hệ thống điều hòa chỉnh tay giúp người lái xe tùy thời điều chỉnh tăng giảm nhiệt độ phù hợp, tạo không khi thoải mái', 'nội thất', 'image/m5jaoi.png', 4),
	(38, 'Khoang hành lý được thiết kế rộng rãi, đáp ứng nhu cầu khách hàng', 'nội thất', 'image/zbjxtx.png', 4),
	(39, 'Hộp số sàn 5 cấp tiết kiệm nhiên liệu, giúp khách hàng cảm nhận cảm giác lái qua từng cung đường địa hình khác nhau.', 'vận hành', 'image/2bsp33.png', 4),
	(40, 'Động cơ mới được trang bị hệ thống Dual VVT-i giúp tiết kiệm nhiên liệu, vận hành êm ái, thân thiện với môi trường', 'vận hành', 'image/wsdem3.png', 4),
	(41, 'Cụm đèn trước xe  được trang bị đèn halogen phản xạ đa chiều trên nền mạ kim loại sáng bóng, đảm bảo hiệu quả chiếu sáng tối ưu khi di chuyển trên đường.', 'ngoại thất', 'image/oxncrh.jpg', 5),
	(42, 'Mâm xe 15 inch mang diện mạo cá tính mạnh mẽ đầy thu hút', 'ngoại thất', 'image/ret3mu.png', 5),
	(43, 'Hông xe với những đường dập nổi chạy dài tạo cá tính mạnh mẽ.', 'ngoại thất', 'image/yekky2.png', 5),
	(44, 'Gương chiếu hậu tích hợp điều chỉnh gập điện tạo nên sự tiện nghi cho lái xe', 'ngoại thất', 'image/yqbil4.png', 5),
	(45, 'Hàng ghế sau được thiết kế tạo cho hành khách tư thế ngồi thoải mái, ghế sau gập 60-40 dễ dàng chở các hành lý cồng kềnh.', 'nội thất', 'image/3rjmoj.png', 5),
	(46, 'Cụm đồng hồ sắc nét chia thành 3 cụm chính hiển thị rõ ràng thông tin cho người lái.', 'nội thất', 'image/ox4hma.png', 5),
	(47, 'Hệ thống điều hòa chỉnh tay giúp người lái xe tùy thời điều chỉnh tăng giảm nhiệt độ phù hợp, tạo không khi thoải mái', 'nội thất', 'image/m5jaoi.png', 5),
	(48, 'Khoang hành lý được thiết kế rộng rãi, đáp ứng nhu cầu khách hàng', 'nội thất', 'image/zbjxtx.png', 5),
	(49, 'Hộp số sàn 5 cấp tiết kiệm nhiên liệu, giúp khách hàng cảm nhận cảm giác lái qua từng cung đường địa hình khác nhau.', 'vận hành', 'image/2bsp33.png', 5),
	(50, 'Động cơ mới được trang bị hệ thống Dual VVT-i giúp tiết kiệm nhiên liệu, vận hành êm ái, thân thiện với môi trường', 'vận hành', 'image/wsdem3.png', 5),
	(51, 'Cụm đèn trước xe  được trang bị đèn halogen phản xạ đa chiều trên nền mạ kim loại sáng bóng, đảm bảo hiệu quả chiếu sáng tối ưu khi di chuyển trên đường.', 'ngoại thất', 'image/oxncrh.jpg', 6),
	(52, 'Mâm xe 15 inch mang diện mạo cá tính mạnh mẽ đầy thu hút', 'ngoại thất', 'image/ret3mu.png', 6),
	(53, 'Hông xe với những đường dập nổi chạy dài tạo cá tính mạnh mẽ.', 'ngoại thất', 'image/yekky2.png', 6),
	(54, 'Gương chiếu hậu tích hợp điều chỉnh gập điện tạo nên sự tiện nghi cho lái xe', 'ngoại thất', 'image/yqbil4.png', 6),
	(55, 'Hàng ghế sau được thiết kế tạo cho hành khách tư thế ngồi thoải mái, ghế sau gập 60-40 dễ dàng chở các hành lý cồng kềnh.', 'nội thất', 'image/3rjmoj.png', 6),
	(56, 'Cụm đồng hồ sắc nét chia thành 3 cụm chính hiển thị rõ ràng thông tin cho người lái.', 'nội thất', 'image/ox4hma.png', 6),
	(57, 'Hệ thống điều hòa chỉnh tay giúp người lái xe tùy thời điều chỉnh tăng giảm nhiệt độ phù hợp, tạo không khi thoải mái', 'nội thất', 'image/m5jaoi.png', 6),
	(58, 'Khoang hành lý được thiết kế rộng rãi, đáp ứng nhu cầu khách hàng', 'nội thất', 'image/zbjxtx.png', 6),
	(59, 'Hộp số sàn 5 cấp tiết kiệm nhiên liệu, giúp khách hàng cảm nhận cảm giác lái qua từng cung đường địa hình khác nhau.', 'vận hành', 'image/2bsp33.png', 6),
	(60, 'Động cơ mới được trang bị hệ thống Dual VVT-i giúp tiết kiệm nhiên liệu, vận hành êm ái, thân thiện với môi trường', 'vận hành', 'image/wsdem3.png', 6),
	(61, 'Cụm đèn trước xe  được trang bị đèn halogen phản xạ đa chiều trên nền mạ kim loại sáng bóng, đảm bảo hiệu quả chiếu sáng tối ưu khi di chuyển trên đường.', 'ngoại thất', 'image/oxncrh.jpg', 7),
	(62, 'Mâm xe 15 inch mang diện mạo cá tính mạnh mẽ đầy thu hút', 'ngoại thất', 'image/ret3mu.png', 7),
	(63, 'Hông xe với những đường dập nổi chạy dài tạo cá tính mạnh mẽ.', 'ngoại thất', 'image/yekky2.png', 7),
	(64, 'Gương chiếu hậu tích hợp điều chỉnh gập điện tạo nên sự tiện nghi cho lái xe', 'ngoại thất', 'image/yqbil4.png', 7),
	(65, 'Hàng ghế sau được thiết kế tạo cho hành khách tư thế ngồi thoải mái, ghế sau gập 70-40 dễ dàng chở các hành lý cồng kềnh.', 'nội thất', 'image/3rjmoj.png', 7),
	(66, 'Cụm đồng hồ sắc nét chia thành 3 cụm chính hiển thị rõ ràng thông tin cho người lái.', 'nội thất', 'image/ox4hma.png', 7),
	(67, 'Hệ thống điều hòa chỉnh tay giúp người lái xe tùy thời điều chỉnh tăng giảm nhiệt độ phù hợp, tạo không khi thoải mái', 'nội thất', 'image/m5jaoi.png', 7),
	(68, 'Khoang hành lý được thiết kế rộng rãi, đáp ứng nhu cầu khách hàng', 'nội thất', 'image/zbjxtx.png', 7),
	(69, 'Hộp số sàn 5 cấp tiết kiệm nhiên liệu, giúp khách hàng cảm nhận cảm giác lái qua từng cung đường địa hình khác nhau.', 'vận hành', 'image/2bsp33.png', 7),
	(70, 'Động cơ mới được trang bị hệ thống Dual VVT-i giúp tiết kiệm nhiên liệu, vận hành êm ái, thân thiện với môi trường', 'vận hành', 'image/wsdem3.png', 7),
	(71, 'Cụm đèn trước xe  được trang bị đèn halogen phản xạ đa chiều trên nền mạ kim loại sáng bóng, đảm bảo hiệu quả chiếu sáng tối ưu khi di chuyển trên đường.', 'ngoại thất', 'image/oxncrh.jpg', 8),
	(72, 'Mâm xe 15 inch mang diện mạo cá tính mạnh mẽ đầy thu hút', 'ngoại thất', 'image/ret3mu.png', 8),
	(73, 'Hông xe với những đường dập nổi chạy dài tạo cá tính mạnh mẽ.', 'ngoại thất', 'image/yekky2.png', 8),
	(74, 'Gương chiếu hậu tích hợp điều chỉnh gập điện tạo nên sự tiện nghi cho lái xe', 'ngoại thất', 'image/yqbil4.png', 8),
	(75, 'Hàng ghế sau được thiết kế tạo cho hành khách tư thế ngồi thoải mái, ghế sau gập 80-40 dễ dàng chở các hành lý cồng kềnh.', 'nội thất', 'image/3rjmoj.png', 8),
	(76, 'Cụm đồng hồ sắc nét chia thành 3 cụm chính hiển thị rõ ràng thông tin cho người lái.', 'nội thất', 'image/ox4hma.png', 8),
	(77, 'Hệ thống điều hòa chỉnh tay giúp người lái xe tùy thời điều chỉnh tăng giảm nhiệt độ phù hợp, tạo không khi thoải mái', 'nội thất', 'image/m5jaoi.png', 8),
	(78, 'Khoang hành lý được thiết kế rộng rãi, đáp ứng nhu cầu khách hàng', 'nội thất', 'image/zbjxtx.png', 8),
	(79, 'Hộp số sàn 5 cấp tiết kiệm nhiên liệu, giúp khách hàng cảm nhận cảm giác lái qua từng cung đường địa hình khác nhau.', 'vận hành', 'image/2bsp33.png', 8),
	(80, 'Động cơ mới được trang bị hệ thống Dual VVT-i giúp tiết kiệm nhiên liệu, vận hành êm ái, thân thiện với môi trường', 'vận hành', 'image/wsdem3.png', 8),
	(81, 'Cụm đèn trước xe  được trang bị đèn halogen phản xạ đa chiều trên nền mạ kim loại sáng bóng, đảm bảo hiệu quả chiếu sáng tối ưu khi di chuyển trên đường.', 'ngoại thất', 'image/oxncrh.jpg', 9),
	(82, 'Mâm xe 15 inch mang diện mạo cá tính mạnh mẽ đầy thu hút', 'ngoại thất', 'image/ret3mu.png', 9),
	(83, 'Hông xe với những đường dập nổi chạy dài tạo cá tính mạnh mẽ.', 'ngoại thất', 'image/yekky2.png', 9),
	(84, 'Gương chiếu hậu tích hợp điều chỉnh gập điện tạo nên sự tiện nghi cho lái xe', 'ngoại thất', 'image/yqbil4.png', 9),
	(85, 'Hàng ghế sau được thiết kế tạo cho hành khách tư thế ngồi thoải mái, ghế sau gập 90-40 dễ dàng chở các hành lý cồng kềnh.', 'nội thất', 'image/3rjmoj.png', 9),
	(86, 'Cụm đồng hồ sắc nét chia thành 3 cụm chính hiển thị rõ ràng thông tin cho người lái.', 'nội thất', 'image/ox4hma.png', 9),
	(87, 'Hệ thống điều hòa chỉnh tay giúp người lái xe tùy thời điều chỉnh tăng giảm nhiệt độ phù hợp, tạo không khi thoải mái', 'nội thất', 'image/m5jaoi.png', 9),
	(88, 'Khoang hành lý được thiết kế rộng rãi, đáp ứng nhu cầu khách hàng', 'nội thất', 'image/zbjxtx.png', 9),
	(89, 'Hộp số sàn 5 cấp tiết kiệm nhiên liệu, giúp khách hàng cảm nhận cảm giác lái qua từng cung đường địa hình khác nhau.', 'vận hành', 'image/2bsp33.png', 9),
	(90, 'Động cơ mới được trang bị hệ thống Dual VVT-i giúp tiết kiệm nhiên liệu, vận hành êm ái, thân thiện với môi trường', 'vận hành', 'image/wsdem3.png', 9),
	(91, 'Cụm đèn trước xe  được trang bị đèn halogen phản xạ đa chiều trên nền mạ kim loại sáng bóng, đảm bảo hiệu quả chiếu sáng tối ưu khi di chuyển trên đường.', 'ngoại thất', 'image/oxncrh.jpg', 10),
	(92, 'Mâm xe 15 inch mang diện mạo cá tính mạnh mẽ đầy thu hút', 'ngoại thất', 'image/ret3mu.png', 10),
	(93, 'Hông xe với những đường dập nổi chạy dài tạo cá tính mạnh mẽ.', 'ngoại thất', 'image/yekky2.png', 10),
	(94, 'Gương chiếu hậu tích hợp điều chỉnh gập điện tạo nên sự tiện nghi cho lái xe', 'ngoại thất', 'image/yqbil4.png', 10),
	(95, 'Hàng ghế sau được thiết kế tạo cho hành khách tư thế ngồi thoải mái, ghế sau gập 100-40 dễ dàng chở các hành lý cồng kềnh.', 'nội thất', 'image/3rjmoj.png', 10),
	(96, 'Cụm đồng hồ sắc nét chia thành 3 cụm chính hiển thị rõ ràng thông tin cho người lái.', 'nội thất', 'image/ox4hma.png', 10),
	(97, 'Hệ thống điều hòa chỉnh tay giúp người lái xe tùy thời điều chỉnh tăng giảm nhiệt độ phù hợp, tạo không khi thoải mái', 'nội thất', 'image/m5jaoi.png', 10),
	(98, 'Khoang hành lý được thiết kế rộng rãi, đáp ứng nhu cầu khách hàng', 'nội thất', 'image/zbjxtx.png', 10),
	(99, 'Hộp số sàn 5 cấp tiết kiệm nhiên liệu, giúp khách hàng cảm nhận cảm giác lái qua từng cung đường địa hình khác nhau.', 'vận hành', 'image/2bsp33.png', 10),
	(100, 'Động cơ mới được trang bị hệ thống Dual VVT-i giúp tiết kiệm nhiên liệu, vận hành êm ái, thân thiện với môi trường', 'vận hành', 'image/wsdem3.png', 10),
	(101, 'Cụm đèn trước xe  được trang bị đèn halogen phản xạ đa chiều trên nền mạ kim loại sáng bóng, đảm bảo hiệu quả chiếu sáng tối ưu khi di chuyển trên đường.', 'ngoại thất', 'image/oxncrh.jpg', 11),
	(102, 'Mâm xe 15 inch mang diện mạo cá tính mạnh mẽ đầy thu hút', 'ngoại thất', 'image/ret3mu.png', 11),
	(103, 'Hông xe với những đường dập nổi chạy dài tạo cá tính mạnh mẽ.', 'ngoại thất', 'image/yekky2.png', 11),
	(104, 'Gương chiếu hậu tích hợp điều chỉnh gập điện tạo nên sự tiện nghi cho lái xe', 'ngoại thất', 'image/yqbil4.png', 11),
	(105, 'Hàng ghế sau được thiết kế tạo cho hành khách tư thế ngồi thoải mái, ghế sau gập 30-40 dễ dàng chở các hành lý cồng kềnh.', 'nội thất', 'image/3rjmoj.png', 11),
	(106, 'Cụm đồng hồ sắc nét chia thành 3 cụm chính hiển thị rõ ràng thông tin cho người lái.', 'nội thất', 'image/ox4hma.png', 11),
	(107, 'Hệ thống điều hòa chỉnh tay giúp người lái xe tùy thời điều chỉnh tăng giảm nhiệt độ phù hợp, tạo không khi thoải mái', 'nội thất', 'image/m5jaoi.png', 11),
	(108, 'Khoang hành lý được thiết kế rộng rãi, đáp ứng nhu cầu khách hàng', 'nội thất', 'image/zbjxtx.png', 11),
	(109, 'Hộp số sàn 5 cấp tiết kiệm nhiên liệu, giúp khách hàng cảm nhận cảm giác lái qua từng cung đường địa hình khác nhau.', 'vận hành', 'image/2bsp33.png', 11),
	(110, 'Động cơ mới được trang bị hệ thống Dual VVT-i giúp tiết kiệm nhiên liệu, vận hành êm ái, thân thiện với môi trường', 'vận hành', 'image/wsdem3.png', 11),
	(111, 'Cụm đèn trước xe  được trang bị đèn halogen phản xạ đa chiều trên nền mạ kim loại sáng bóng, đảm bảo hiệu quả chiếu sáng tối ưu khi di chuyển trên đường.', 'ngoại thất', 'image/oxncrh.jpg', 12),
	(112, 'Mâm xe 15 inch mang diện mạo cá tính mạnh mẽ đầy thu hút', 'ngoại thất', 'image/ret3mu.png', 12),
	(113, 'Hông xe với những đường dập nổi chạy dài tạo cá tính mạnh mẽ.', 'ngoại thất', 'image/yekky2.png', 12),
	(114, 'Gương chiếu hậu tích hợp điều chỉnh gập điện tạo nên sự tiện nghi cho lái xe', 'ngoại thất', 'image/yqbil4.png', 12),
	(115, 'Hàng ghế sau được thiết kế tạo cho hành khách tư thế ngồi thoải mái, ghế sau gập 30-40 dễ dàng chở các hành lý cồng kềnh.', 'nội thất', 'image/3rjmoj.png', 12),
	(116, 'Cụm đồng hồ sắc nét chia thành 3 cụm chính hiển thị rõ ràng thông tin cho người lái.', 'nội thất', 'image/ox4hma.png', 12),
	(117, 'Hệ thống điều hòa chỉnh tay giúp người lái xe tùy thời điều chỉnh tăng giảm nhiệt độ phù hợp, tạo không khi thoải mái', 'nội thất', 'image/m5jaoi.png', 12),
	(118, 'Khoang hành lý được thiết kế rộng rãi, đáp ứng nhu cầu khách hàng', 'nội thất', 'image/zbjxtx.png', 12),
	(119, 'Hộp số sàn 5 cấp tiết kiệm nhiên liệu, giúp khách hàng cảm nhận cảm giác lái qua từng cung đường địa hình khác nhau.', 'vận hành', 'image/2bsp33.png', 12),
	(120, 'Động cơ mới được trang bị hệ thống Dual VVT-i giúp tiết kiệm nhiên liệu, vận hành êm ái, thân thiện với môi trường', 'vận hành', 'image/wsdem3.png', 12),
	(121, 'Cụm đèn trước xe  được trang bị đèn halogen phản xạ đa chiều trên nền mạ kim loại sáng bóng, đảm bảo hiệu quả chiếu sáng tối ưu khi di chuyển trên đường.', 'ngoại thất', 'image/oxncrh.jpg', 13),
	(122, 'Mâm xe 15 inch mang diện mạo cá tính mạnh mẽ đầy thu hút', 'ngoại thất', 'image/ret3mu.png', 13),
	(123, 'Hông xe với những đường dập nổi chạy dài tạo cá tính mạnh mẽ.', 'ngoại thất', 'image/yekky2.png', 13),
	(124, 'Gương chiếu hậu tích hợp điều chỉnh gập điện tạo nên sự tiện nghi cho lái xe', 'ngoại thất', 'image/yqbil4.png', 13),
	(125, 'Hàng ghế sau được thiết kế tạo cho hành khách tư thế ngồi thoải mái, ghế sau gập 30-40 dễ dàng chở các hành lý cồng kềnh.', 'nội thất', 'image/3rjmoj.png', 13),
	(126, 'Cụm đồng hồ sắc nét chia thành 3 cụm chính hiển thị rõ ràng thông tin cho người lái.', 'nội thất', 'image/ox4hma.png', 13),
	(127, 'Hệ thống điều hòa chỉnh tay giúp người lái xe tùy thời điều chỉnh tăng giảm nhiệt độ phù hợp, tạo không khi thoải mái', 'nội thất', 'image/m5jaoi.png', 13),
	(128, 'Khoang hành lý được thiết kế rộng rãi, đáp ứng nhu cầu khách hàng', 'nội thất', 'image/zbjxtx.png', 13),
	(129, 'Hộp số sàn 5 cấp tiết kiệm nhiên liệu, giúp khách hàng cảm nhận cảm giác lái qua từng cung đường địa hình khác nhau.', 'vận hành', 'image/2bsp33.png', 13),
	(130, 'Động cơ mới được trang bị hệ thống Dual VVT-i giúp tiết kiệm nhiên liệu, vận hành êm ái, thân thiện với môi trường', 'vận hành', 'image/wsdem3.png', 13),
	(131, 'Cụm đèn trước xe  được trang bị đèn halogen phản xạ đa chiều trên nền mạ kim loại sáng bóng, đảm bảo hiệu quả chiếu sáng tối ưu khi di chuyển trên đường.', 'ngoại thất', 'image/oxncrh.jpg', 14),
	(132, 'Mâm xe 15 inch mang diện mạo cá tính mạnh mẽ đầy thu hút', 'ngoại thất', 'image/ret3mu.png', 14),
	(133, 'Hông xe với những đường dập nổi chạy dài tạo cá tính mạnh mẽ.', 'ngoại thất', 'image/yekky2.png', 14),
	(134, 'Gương chiếu hậu tích hợp điều chỉnh gập điện tạo nên sự tiện nghi cho lái xe', 'ngoại thất', 'image/yqbil4.png', 14),
	(135, 'Hàng ghế sau được thiết kế tạo cho hành khách tư thế ngồi thoải mái, ghế sau gập 30-40 dễ dàng chở các hành lý cồng kềnh.', 'nội thất', 'image/3rjmoj.png', 14),
	(136, 'Cụm đồng hồ sắc nét chia thành 3 cụm chính hiển thị rõ ràng thông tin cho người lái.', 'nội thất', 'image/ox4hma.png', 14),
	(137, 'Hệ thống điều hòa chỉnh tay giúp người lái xe tùy thời điều chỉnh tăng giảm nhiệt độ phù hợp, tạo không khi thoải mái', 'nội thất', 'image/m5jaoi.png', 14),
	(138, 'Khoang hành lý được thiết kế rộng rãi, đáp ứng nhu cầu khách hàng', 'nội thất', 'image/zbjxtx.png', 14),
	(139, 'Hộp số sàn 5 cấp tiết kiệm nhiên liệu, giúp khách hàng cảm nhận cảm giác lái qua từng cung đường địa hình khác nhau.', 'vận hành', 'image/2bsp33.png', 14),
	(140, 'Động cơ mới được trang bị hệ thống Dual VVT-i giúp tiết kiệm nhiên liệu, vận hành êm ái, thân thiện với môi trường', 'vận hành', 'image/wsdem3.png', 14),
	(141, 'Cụm đèn trước xe  được trang bị đèn halogen phản xạ đa chiều trên nền mạ kim loại sáng bóng, đảm bảo hiệu quả chiếu sáng tối ưu khi di chuyển trên đường.', 'ngoại thất', 'image/oxncrh.jpg', 15),
	(142, 'Mâm xe 15 inch mang diện mạo cá tính mạnh mẽ đầy thu hút', 'ngoại thất', 'image/ret3mu.png', 15),
	(143, 'Hông xe với những đường dập nổi chạy dài tạo cá tính mạnh mẽ.', 'ngoại thất', 'image/yekky2.png', 15),
	(144, 'Gương chiếu hậu tích hợp điều chỉnh gập điện tạo nên sự tiện nghi cho lái xe', 'ngoại thất', 'image/yqbil4.png', 15),
	(145, 'Hàng ghế sau được thiết kế tạo cho hành khách tư thế ngồi thoải mái, ghế sau gập 30-40 dễ dàng chở các hành lý cồng kềnh.', 'nội thất', 'image/3rjmoj.png', 15),
	(146, 'Cụm đồng hồ sắc nét chia thành 3 cụm chính hiển thị rõ ràng thông tin cho người lái.', 'nội thất', 'image/ox4hma.png', 15),
	(147, 'Hệ thống điều hòa chỉnh tay giúp người lái xe tùy thời điều chỉnh tăng giảm nhiệt độ phù hợp, tạo không khi thoải mái', 'nội thất', 'image/m5jaoi.png', 15),
	(148, 'Khoang hành lý được thiết kế rộng rãi, đáp ứng nhu cầu khách hàng', 'nội thất', 'image/zbjxtx.png', 15),
	(149, 'Hộp số sàn 5 cấp tiết kiệm nhiên liệu, giúp khách hàng cảm nhận cảm giác lái qua từng cung đường địa hình khác nhau.', 'vận hành', 'image/2bsp33.png', 15),
	(150, 'Động cơ mới được trang bị hệ thống Dual VVT-i giúp tiết kiệm nhiên liệu, vận hành êm ái, thân thiện với môi trường', 'vận hành', 'image/wsdem3.png', 15),
	(151, 'Cụm đèn trước xe  được trang bị đèn halogen phản xạ đa chiều trên nền mạ kim loại sáng bóng, đảm bảo hiệu quả chiếu sáng tối ưu khi di chuyển trên đường.', 'ngoại thất', 'image/oxncrh.jpg', 16),
	(152, 'Mâm xe 15 inch mang diện mạo cá tính mạnh mẽ đầy thu hút', 'ngoại thất', 'image/ret3mu.png', 16),
	(153, 'Hông xe với những đường dập nổi chạy dài tạo cá tính mạnh mẽ.', 'ngoại thất', 'image/yekky2.png', 16),
	(154, 'Gương chiếu hậu tích hợp điều chỉnh gập điện tạo nên sự tiện nghi cho lái xe', 'ngoại thất', 'image/yqbil4.png', 16),
	(155, 'Hàng ghế sau được thiết kế tạo cho hành khách tư thế ngồi thoải mái, ghế sau gập 30-40 dễ dàng chở các hành lý cồng kềnh.', 'nội thất', 'image/3rjmoj.png', 16),
	(156, 'Cụm đồng hồ sắc nét chia thành 3 cụm chính hiển thị rõ ràng thông tin cho người lái.', 'nội thất', 'image/ox4hma.png', 16),
	(157, 'Hệ thống điều hòa chỉnh tay giúp người lái xe tùy thời điều chỉnh tăng giảm nhiệt độ phù hợp, tạo không khi thoải mái', 'nội thất', 'image/m5jaoi.png', 16),
	(158, 'Khoang hành lý được thiết kế rộng rãi, đáp ứng nhu cầu khách hàng', 'nội thất', 'image/zbjxtx.png', 16),
	(159, 'Hộp số sàn 5 cấp tiết kiệm nhiên liệu, giúp khách hàng cảm nhận cảm giác lái qua từng cung đường địa hình khác nhau.', 'vận hành', 'image/2bsp33.png', 16),
	(160, 'Động cơ mới được trang bị hệ thống Dual VVT-i giúp tiết kiệm nhiên liệu, vận hành êm ái, thân thiện với môi trường', 'vận hành', 'image/wsdem3.png', 16),
	(161, 'Cụm đèn trước xe  được trang bị đèn halogen phản xạ đa chiều trên nền mạ kim loại sáng bóng, đảm bảo hiệu quả chiếu sáng tối ưu khi di chuyển trên đường.', 'ngoại thất', 'image/oxncrh.jpg', 17),
	(162, 'Mâm xe 15 inch mang diện mạo cá tính mạnh mẽ đầy thu hút', 'ngoại thất', 'image/ret3mu.png', 17),
	(163, 'Hông xe với những đường dập nổi chạy dài tạo cá tính mạnh mẽ.', 'ngoại thất', 'image/yekky2.png', 17),
	(164, 'Gương chiếu hậu tích hợp điều chỉnh gập điện tạo nên sự tiện nghi cho lái xe', 'ngoại thất', 'image/yqbil4.png', 17),
	(165, 'Hàng ghế sau được thiết kế tạo cho hành khách tư thế ngồi thoải mái, ghế sau gập 30-40 dễ dàng chở các hành lý cồng kềnh.', 'nội thất', 'image/3rjmoj.png', 17),
	(166, 'Cụm đồng hồ sắc nét chia thành 3 cụm chính hiển thị rõ ràng thông tin cho người lái.', 'nội thất', 'image/ox4hma.png', 17),
	(167, 'Hệ thống điều hòa chỉnh tay giúp người lái xe tùy thời điều chỉnh tăng giảm nhiệt độ phù hợp, tạo không khi thoải mái', 'nội thất', 'image/m5jaoi.png', 17),
	(168, 'Khoang hành lý được thiết kế rộng rãi, đáp ứng nhu cầu khách hàng', 'nội thất', 'image/zbjxtx.png', 17),
	(169, 'Hộp số sàn 5 cấp tiết kiệm nhiên liệu, giúp khách hàng cảm nhận cảm giác lái qua từng cung đường địa hình khác nhau.', 'vận hành', 'image/2bsp33.png', 17),
	(170, 'Động cơ mới được trang bị hệ thống Dual VVT-i giúp tiết kiệm nhiên liệu, vận hành êm ái, thân thiện với môi trường', 'vận hành', 'image/wsdem3.png', 17),
	(171, 'Cụm đèn trước xe  được trang bị đèn halogen phản xạ đa chiều trên nền mạ kim loại sáng bóng, đảm bảo hiệu quả chiếu sáng tối ưu khi di chuyển trên đường.', 'ngoại thất', 'image/oxncrh.jpg', 18),
	(172, 'Mâm xe 15 inch mang diện mạo cá tính mạnh mẽ đầy thu hút', 'ngoại thất', 'image/ret3mu.png', 18),
	(173, 'Hông xe với những đường dập nổi chạy dài tạo cá tính mạnh mẽ.', 'ngoại thất', 'image/yekky2.png', 18),
	(174, 'Gương chiếu hậu tích hợp điều chỉnh gập điện tạo nên sự tiện nghi cho lái xe', 'ngoại thất', 'image/yqbil4.png', 18),
	(175, 'Hàng ghế sau được thiết kế tạo cho hành khách tư thế ngồi thoải mái, ghế sau gập 30-40 dễ dàng chở các hành lý cồng kềnh.', 'nội thất', 'image/3rjmoj.png', 18),
	(176, 'Cụm đồng hồ sắc nét chia thành 3 cụm chính hiển thị rõ ràng thông tin cho người lái.', 'nội thất', 'image/ox4hma.png', 18),
	(177, 'Hệ thống điều hòa chỉnh tay giúp người lái xe tùy thời điều chỉnh tăng giảm nhiệt độ phù hợp, tạo không khi thoải mái', 'nội thất', 'image/m5jaoi.png', 18),
	(178, 'Khoang hành lý được thiết kế rộng rãi, đáp ứng nhu cầu khách hàng', 'nội thất', 'image/zbjxtx.png', 18),
	(179, 'Hộp số sàn 5 cấp tiết kiệm nhiên liệu, giúp khách hàng cảm nhận cảm giác lái qua từng cung đường địa hình khác nhau.', 'vận hành', 'image/2bsp33.png', 18),
	(180, 'Động cơ mới được trang bị hệ thống Dual VVT-i giúp tiết kiệm nhiên liệu, vận hành êm ái, thân thiện với môi trường', 'vận hành', 'image/wsdem3.png', 18),
	(181, 'Cụm đèn trước xe  được trang bị đèn halogen phản xạ đa chiều trên nền mạ kim loại sáng bóng, đảm bảo hiệu quả chiếu sáng tối ưu khi di chuyển trên đường.', 'ngoại thất', 'image/oxncrh.jpg', 19),
	(182, 'Mâm xe 15 inch mang diện mạo cá tính mạnh mẽ đầy thu hút', 'ngoại thất', 'image/ret3mu.png', 19),
	(183, 'Hông xe với những đường dập nổi chạy dài tạo cá tính mạnh mẽ.', 'ngoại thất', 'image/yekky2.png', 19),
	(184, 'Gương chiếu hậu tích hợp điều chỉnh gập điện tạo nên sự tiện nghi cho lái xe', 'ngoại thất', 'image/yqbil4.png', 19),
	(185, 'Hàng ghế sau được thiết kế tạo cho hành khách tư thế ngồi thoải mái, ghế sau gập 30-40 dễ dàng chở các hành lý cồng kềnh.', 'nội thất', 'image/3rjmoj.png', 19),
	(186, 'Cụm đồng hồ sắc nét chia thành 3 cụm chính hiển thị rõ ràng thông tin cho người lái.', 'nội thất', 'image/ox4hma.png', 19),
	(187, 'Hệ thống điều hòa chỉnh tay giúp người lái xe tùy thời điều chỉnh tăng giảm nhiệt độ phù hợp, tạo không khi thoải mái', 'nội thất', 'image/m5jaoi.png', 19),
	(188, 'Khoang hành lý được thiết kế rộng rãi, đáp ứng nhu cầu khách hàng', 'nội thất', 'image/zbjxtx.png', 19),
	(189, 'Hộp số sàn 5 cấp tiết kiệm nhiên liệu, giúp khách hàng cảm nhận cảm giác lái qua từng cung đường địa hình khác nhau.', 'vận hành', 'image/2bsp33.png', 19),
	(190, 'Động cơ mới được trang bị hệ thống Dual VVT-i giúp tiết kiệm nhiên liệu, vận hành êm ái, thân thiện với môi trường', 'vận hành', 'image/wsdem3.png', 19),
	(191, 'Cụm đèn trước xe  được trang bị đèn halogen phản xạ đa chiều trên nền mạ kim loại sáng bóng, đảm bảo hiệu quả chiếu sáng tối ưu khi di chuyển trên đường.', 'ngoại thất', 'image/oxncrh.jpg', 20),
	(192, 'Mâm xe 15 inch mang diện mạo cá tính mạnh mẽ đầy thu hút', 'ngoại thất', 'image/ret3mu.png', 20),
	(193, 'Hông xe với những đường dập nổi chạy dài tạo cá tính mạnh mẽ.', 'ngoại thất', 'image/yekky2.png', 20),
	(194, 'Gương chiếu hậu tích hợp điều chỉnh gập điện tạo nên sự tiện nghi cho lái xe', 'ngoại thất', 'image/yqbil4.png', 20),
	(195, 'Hàng ghế sau được thiết kế tạo cho hành khách tư thế ngồi thoải mái, ghế sau gập 30-40 dễ dàng chở các hành lý cồng kềnh.', 'nội thất', 'image/3rjmoj.png', 20),
	(196, 'Cụm đồng hồ sắc nét chia thành 3 cụm chính hiển thị rõ ràng thông tin cho người lái.', 'nội thất', 'image/ox4hma.png', 20),
	(197, 'Hệ thống điều hòa chỉnh tay giúp người lái xe tùy thời điều chỉnh tăng giảm nhiệt độ phù hợp, tạo không khi thoải mái', 'nội thất', 'image/m5jaoi.png', 20),
	(198, 'Khoang hành lý được thiết kế rộng rãi, đáp ứng nhu cầu khách hàng', 'nội thất', 'image/zbjxtx.png', 20),
	(199, 'Hộp số sàn 5 cấp tiết kiệm nhiên liệu, giúp khách hàng cảm nhận cảm giác lái qua từng cung đường địa hình khác nhau.', 'vận hành', 'image/2bsp33.png', 20),
	(200, 'Động cơ mới được trang bị hệ thống Dual VVT-i giúp tiết kiệm nhiên liệu, vận hành êm ái, thân thiện với môi trường', 'vận hành', 'image/wsdem3.png', 20),
	(201, 'Cụm đèn trước xe  được trang bị đèn halogen phản xạ đa chiều trên nền mạ kim loại sáng bóng, đảm bảo hiệu quả chiếu sáng tối ưu khi di chuyển trên đường.', 'ngoại thất', 'image/oxncrh.jpg', 21),
	(202, 'Mâm xe 15 inch mang diện mạo cá tính mạnh mẽ đầy thu hút', 'ngoại thất', 'image/ret3mu.png', 21),
	(203, 'Hông xe với những đường dập nổi chạy dài tạo cá tính mạnh mẽ.', 'ngoại thất', 'image/yekky2.png', 21),
	(204, 'Gương chiếu hậu tích hợp điều chỉnh gập điện tạo nên sự tiện nghi cho lái xe', 'ngoại thất', 'image/yqbil4.png', 21),
	(205, 'Hàng ghế sau được thiết kế tạo cho hành khách tư thế ngồi thoải mái, ghế sau gập 30-40 dễ dàng chở các hành lý cồng kềnh.', 'nội thất', 'image/3rjmoj.png', 21),
	(206, 'Cụm đồng hồ sắc nét chia thành 3 cụm chính hiển thị rõ ràng thông tin cho người lái.', 'nội thất', 'image/ox4hma.png', 21),
	(207, 'Hệ thống điều hòa chỉnh tay giúp người lái xe tùy thời điều chỉnh tăng giảm nhiệt độ phù hợp, tạo không khi thoải mái', 'nội thất', 'image/m5jaoi.png', 21),
	(208, 'Khoang hành lý được thiết kế rộng rãi, đáp ứng nhu cầu khách hàng', 'nội thất', 'image/zbjxtx.png', 21),
	(209, 'Hộp số sàn 5 cấp tiết kiệm nhiên liệu, giúp khách hàng cảm nhận cảm giác lái qua từng cung đường địa hình khác nhau.', 'vận hành', 'image/2bsp33.png', 21),
	(210, 'Động cơ mới được trang bị hệ thống Dual VVT-i giúp tiết kiệm nhiên liệu, vận hành êm ái, thân thiện với môi trường', 'vận hành', 'image/wsdem3.png', 21),
	(211, 'Cụm đèn trước xe  được trang bị đèn halogen phản xạ đa chiều trên nền mạ kim loại sáng bóng, đảm bảo hiệu quả chiếu sáng tối ưu khi di chuyển trên đường.', 'ngoại thất', 'image/oxncrh.jpg', 22),
	(212, 'Mâm xe 15 inch mang diện mạo cá tính mạnh mẽ đầy thu hút', 'ngoại thất', 'image/ret3mu.png', 22),
	(213, 'Hông xe với những đường dập nổi chạy dài tạo cá tính mạnh mẽ.', 'ngoại thất', 'image/yekky2.png', 22),
	(214, 'Gương chiếu hậu tích hợp điều chỉnh gập điện tạo nên sự tiện nghi cho lái xe', 'ngoại thất', 'image/yqbil4.png', 22),
	(215, 'Hàng ghế sau được thiết kế tạo cho hành khách tư thế ngồi thoải mái, ghế sau gập 30-40 dễ dàng chở các hành lý cồng kềnh.', 'nội thất', 'image/3rjmoj.png', 22),
	(216, 'Cụm đồng hồ sắc nét chia thành 3 cụm chính hiển thị rõ ràng thông tin cho người lái.', 'nội thất', 'image/ox4hma.png', 22),
	(217, 'Hệ thống điều hòa chỉnh tay giúp người lái xe tùy thời điều chỉnh tăng giảm nhiệt độ phù hợp, tạo không khi thoải mái', 'nội thất', 'image/m5jaoi.png', 22),
	(218, 'Khoang hành lý được thiết kế rộng rãi, đáp ứng nhu cầu khách hàng', 'nội thất', 'image/zbjxtx.png', 22),
	(219, 'Hộp số sàn 5 cấp tiết kiệm nhiên liệu, giúp khách hàng cảm nhận cảm giác lái qua từng cung đường địa hình khác nhau.', 'vận hành', 'image/2bsp33.png', 22),
	(220, 'Động cơ mới được trang bị hệ thống Dual VVT-i giúp tiết kiệm nhiên liệu, vận hành êm ái, thân thiện với môi trường', 'vận hành', 'image/wsdem3.png', 22),
	(221, 'Cụm đèn trước xe  được trang bị đèn halogen phản xạ đa chiều trên nền mạ kim loại sáng bóng, đảm bảo hiệu quả chiếu sáng tối ưu khi di chuyển trên đường.', 'ngoại thất', 'image/oxncrh.jpg', 23),
	(222, 'Mâm xe 15 inch mang diện mạo cá tính mạnh mẽ đầy thu hút', 'ngoại thất', 'image/ret3mu.png', 23),
	(223, 'Hông xe với những đường dập nổi chạy dài tạo cá tính mạnh mẽ.', 'ngoại thất', 'image/yekky2.png', 23),
	(224, 'Gương chiếu hậu tích hợp điều chỉnh gập điện tạo nên sự tiện nghi cho lái xe', 'ngoại thất', 'image/yqbil4.png', 23),
	(225, 'Hàng ghế sau được thiết kế tạo cho hành khách tư thế ngồi thoải mái, ghế sau gập 30-40 dễ dàng chở các hành lý cồng kềnh.', 'nội thất', 'image/3rjmoj.png', 23),
	(226, 'Cụm đồng hồ sắc nét chia thành 3 cụm chính hiển thị rõ ràng thông tin cho người lái.', 'nội thất', 'image/ox4hma.png', 23),
	(227, 'Hệ thống điều hòa chỉnh tay giúp người lái xe tùy thời điều chỉnh tăng giảm nhiệt độ phù hợp, tạo không khi thoải mái', 'nội thất', 'image/m5jaoi.png', 23),
	(228, 'Khoang hành lý được thiết kế rộng rãi, đáp ứng nhu cầu khách hàng', 'nội thất', 'image/zbjxtx.png', 23),
	(229, 'Hộp số sàn 5 cấp tiết kiệm nhiên liệu, giúp khách hàng cảm nhận cảm giác lái qua từng cung đường địa hình khác nhau.', 'vận hành', 'image/2bsp33.png', 23),
	(230, 'Động cơ mới được trang bị hệ thống Dual VVT-i giúp tiết kiệm nhiên liệu, vận hành êm ái, thân thiện với môi trường', 'vận hành', 'image/wsdem3.png', 23),
	(231, 'Cụm đèn trước xe  được trang bị đèn halogen phản xạ đa chiều trên nền mạ kim loại sáng bóng, đảm bảo hiệu quả chiếu sáng tối ưu khi di chuyển trên đường.', 'ngoại thất', 'image/oxncrh.jpg', 24),
	(232, 'Mâm xe 15 inch mang diện mạo cá tính mạnh mẽ đầy thu hút', 'ngoại thất', 'image/ret3mu.png', 24),
	(233, 'Hông xe với những đường dập nổi chạy dài tạo cá tính mạnh mẽ.', 'ngoại thất', 'image/yekky2.png', 24),
	(234, 'Gương chiếu hậu tích hợp điều chỉnh gập điện tạo nên sự tiện nghi cho lái xe', 'ngoại thất', 'image/yqbil4.png', 24),
	(235, 'Hàng ghế sau được thiết kế tạo cho hành khách tư thế ngồi thoải mái, ghế sau gập 30-40 dễ dàng chở các hành lý cồng kềnh.', 'nội thất', 'image/3rjmoj.png', 24),
	(236, 'Cụm đồng hồ sắc nét chia thành 3 cụm chính hiển thị rõ ràng thông tin cho người lái.', 'nội thất', 'image/ox4hma.png', 24),
	(237, 'Hệ thống điều hòa chỉnh tay giúp người lái xe tùy thời điều chỉnh tăng giảm nhiệt độ phù hợp, tạo không khi thoải mái', 'nội thất', 'image/m5jaoi.png', 24),
	(238, 'Khoang hành lý được thiết kế rộng rãi, đáp ứng nhu cầu khách hàng', 'nội thất', 'image/zbjxtx.png', 24),
	(239, 'Hộp số sàn 5 cấp tiết kiệm nhiên liệu, giúp khách hàng cảm nhận cảm giác lái qua từng cung đường địa hình khác nhau.', 'vận hành', 'image/2bsp33.png', 24),
	(240, 'Động cơ mới được trang bị hệ thống Dual VVT-i giúp tiết kiệm nhiên liệu, vận hành êm ái, thân thiện với môi trường', 'vận hành', 'image/wsdem3.png', 24),
	(241, 'Cụm đèn trước xe  được trang bị đèn halogen phản xạ đa chiều trên nền mạ kim loại sáng bóng, đảm bảo hiệu quả chiếu sáng tối ưu khi di chuyển trên đường.', 'ngoại thất', 'image/oxncrh.jpg', 25),
	(242, 'Mâm xe 15 inch mang diện mạo cá tính mạnh mẽ đầy thu hút', 'ngoại thất', 'image/ret3mu.png', 25),
	(243, 'Hông xe với những đường dập nổi chạy dài tạo cá tính mạnh mẽ.', 'ngoại thất', 'image/yekky2.png', 25),
	(244, 'Gương chiếu hậu tích hợp điều chỉnh gập điện tạo nên sự tiện nghi cho lái xe', 'ngoại thất', 'image/yqbil4.png', 25),
	(245, 'Hàng ghế sau được thiết kế tạo cho hành khách tư thế ngồi thoải mái, ghế sau gập 30-40 dễ dàng chở các hành lý cồng kềnh.', 'nội thất', 'image/3rjmoj.png', 25),
	(246, 'Cụm đồng hồ sắc nét chia thành 3 cụm chính hiển thị rõ ràng thông tin cho người lái.', 'nội thất', 'image/ox4hma.png', 25),
	(247, 'Hệ thống điều hòa chỉnh tay giúp người lái xe tùy thời điều chỉnh tăng giảm nhiệt độ phù hợp, tạo không khi thoải mái', 'nội thất', 'image/m5jaoi.png', 25),
	(248, 'Khoang hành lý được thiết kế rộng rãi, đáp ứng nhu cầu khách hàng', 'nội thất', 'image/zbjxtx.png', 25),
	(249, 'Hộp số sàn 5 cấp tiết kiệm nhiên liệu, giúp khách hàng cảm nhận cảm giác lái qua từng cung đường địa hình khác nhau.', 'vận hành', 'image/2bsp33.png', 25),
	(250, 'Động cơ mới được trang bị hệ thống Dual VVT-i giúp tiết kiệm nhiên liệu, vận hành êm ái, thân thiện với môi trường', 'vận hành', 'image/wsdem3.png', 25),
	(251, 'Cụm đèn trước xe  được trang bị đèn halogen phản xạ đa chiều trên nền mạ kim loại sáng bóng, đảm bảo hiệu quả chiếu sáng tối ưu khi di chuyển trên đường.', 'ngoại thất', 'image/oxncrh.jpg', 26),
	(252, 'Mâm xe 15 inch mang diện mạo cá tính mạnh mẽ đầy thu hút', 'ngoại thất', 'image/ret3mu.png', 26),
	(253, 'Hông xe với những đường dập nổi chạy dài tạo cá tính mạnh mẽ.', 'ngoại thất', 'image/yekky2.png', 26),
	(254, 'Gương chiếu hậu tích hợp điều chỉnh gập điện tạo nên sự tiện nghi cho lái xe', 'ngoại thất', 'image/yqbil4.png', 26),
	(255, 'Hàng ghế sau được thiết kế tạo cho hành khách tư thế ngồi thoải mái, ghế sau gập 30-40 dễ dàng chở các hành lý cồng kềnh.', 'nội thất', 'image/3rjmoj.png', 26),
	(256, 'Cụm đồng hồ sắc nét chia thành 3 cụm chính hiển thị rõ ràng thông tin cho người lái.', 'nội thất', 'image/ox4hma.png', 26),
	(257, 'Hệ thống điều hòa chỉnh tay giúp người lái xe tùy thời điều chỉnh tăng giảm nhiệt độ phù hợp, tạo không khi thoải mái', 'nội thất', 'image/m5jaoi.png', 26),
	(258, 'Khoang hành lý được thiết kế rộng rãi, đáp ứng nhu cầu khách hàng', 'nội thất', 'image/zbjxtx.png', 26),
	(259, 'Hộp số sàn 5 cấp tiết kiệm nhiên liệu, giúp khách hàng cảm nhận cảm giác lái qua từng cung đường địa hình khác nhau.', 'vận hành', 'image/2bsp33.png', 26),
	(260, 'Động cơ mới được trang bị hệ thống Dual VVT-i giúp tiết kiệm nhiên liệu, vận hành êm ái, thân thiện với môi trường', 'vận hành', 'image/wsdem3.png', 26),
	(261, 'Cụm đèn trước xe  được trang bị đèn halogen phản xạ đa chiều trên nền mạ kim loại sáng bóng, đảm bảo hiệu quả chiếu sáng tối ưu khi di chuyển trên đường.', 'ngoại thất', 'image/oxncrh.jpg', 27),
	(262, 'Mâm xe 15 inch mang diện mạo cá tính mạnh mẽ đầy thu hút', 'ngoại thất', 'image/ret3mu.png', 27),
	(263, 'Hông xe với những đường dập nổi chạy dài tạo cá tính mạnh mẽ.', 'ngoại thất', 'image/yekky2.png', 27),
	(264, 'Gương chiếu hậu tích hợp điều chỉnh gập điện tạo nên sự tiện nghi cho lái xe', 'ngoại thất', 'image/yqbil4.png', 27),
	(265, 'Hàng ghế sau được thiết kế tạo cho hành khách tư thế ngồi thoải mái, ghế sau gập 30-40 dễ dàng chở các hành lý cồng kềnh.', 'nội thất', 'image/3rjmoj.png', 27),
	(266, 'Cụm đồng hồ sắc nét chia thành 3 cụm chính hiển thị rõ ràng thông tin cho người lái.', 'nội thất', 'image/ox4hma.png', 27),
	(267, 'Hệ thống điều hòa chỉnh tay giúp người lái xe tùy thời điều chỉnh tăng giảm nhiệt độ phù hợp, tạo không khi thoải mái', 'nội thất', 'image/m5jaoi.png', 27),
	(268, 'Khoang hành lý được thiết kế rộng rãi, đáp ứng nhu cầu khách hàng', 'nội thất', 'image/zbjxtx.png', 27),
	(269, 'Hộp số sàn 5 cấp tiết kiệm nhiên liệu, giúp khách hàng cảm nhận cảm giác lái qua từng cung đường địa hình khác nhau.', 'vận hành', 'image/2bsp33.png', 27),
	(270, 'Động cơ mới được trang bị hệ thống Dual VVT-i giúp tiết kiệm nhiên liệu, vận hành êm ái, thân thiện với môi trường', 'vận hành', 'image/wsdem3.png', 27),
	(271, 'Cụm đèn trước xe  được trang bị đèn halogen phản xạ đa chiều trên nền mạ kim loại sáng bóng, đảm bảo hiệu quả chiếu sáng tối ưu khi di chuyển trên đường.', 'ngoại thất', 'image/oxncrh.jpg', 28),
	(272, 'Mâm xe 15 inch mang diện mạo cá tính mạnh mẽ đầy thu hút', 'ngoại thất', 'image/ret3mu.png', 28),
	(273, 'Hông xe với những đường dập nổi chạy dài tạo cá tính mạnh mẽ.', 'ngoại thất', 'image/yekky2.png', 28),
	(274, 'Gương chiếu hậu tích hợp điều chỉnh gập điện tạo nên sự tiện nghi cho lái xe', 'ngoại thất', 'image/yqbil4.png', 28),
	(275, 'Hàng ghế sau được thiết kế tạo cho hành khách tư thế ngồi thoải mái, ghế sau gập 30-40 dễ dàng chở các hành lý cồng kềnh.', 'nội thất', 'image/3rjmoj.png', 28),
	(276, 'Cụm đồng hồ sắc nét chia thành 3 cụm chính hiển thị rõ ràng thông tin cho người lái.', 'nội thất', 'image/ox4hma.png', 28),
	(277, 'Hệ thống điều hòa chỉnh tay giúp người lái xe tùy thời điều chỉnh tăng giảm nhiệt độ phù hợp, tạo không khi thoải mái', 'nội thất', 'image/m5jaoi.png', 28),
	(278, 'Khoang hành lý được thiết kế rộng rãi, đáp ứng nhu cầu khách hàng', 'nội thất', 'image/zbjxtx.png', 28),
	(279, 'Hộp số sàn 5 cấp tiết kiệm nhiên liệu, giúp khách hàng cảm nhận cảm giác lái qua từng cung đường địa hình khác nhau.', 'vận hành', 'image/2bsp33.png', 28),
	(280, 'Động cơ mới được trang bị hệ thống Dual VVT-i giúp tiết kiệm nhiên liệu, vận hành êm ái, thân thiện với môi trường', 'vận hành', 'image/wsdem3.png', 28),
	(281, 'Cụm đèn trước xe  được trang bị đèn halogen phản xạ đa chiều trên nền mạ kim loại sáng bóng, đảm bảo hiệu quả chiếu sáng tối ưu khi di chuyển trên đường.', 'ngoại thất', 'image/oxncrh.jpg', 29),
	(282, 'Mâm xe 15 inch mang diện mạo cá tính mạnh mẽ đầy thu hút', 'ngoại thất', 'image/ret3mu.png', 29),
	(283, 'Hông xe với những đường dập nổi chạy dài tạo cá tính mạnh mẽ.', 'ngoại thất', 'image/yekky2.png', 29),
	(284, 'Gương chiếu hậu tích hợp điều chỉnh gập điện tạo nên sự tiện nghi cho lái xe', 'ngoại thất', 'image/yqbil4.png', 29),
	(285, 'Hàng ghế sau được thiết kế tạo cho hành khách tư thế ngồi thoải mái, ghế sau gập 30-40 dễ dàng chở các hành lý cồng kềnh.', 'nội thất', 'image/3rjmoj.png', 29),
	(286, 'Cụm đồng hồ sắc nét chia thành 3 cụm chính hiển thị rõ ràng thông tin cho người lái.', 'nội thất', 'image/ox4hma.png', 29),
	(287, 'Hệ thống điều hòa chỉnh tay giúp người lái xe tùy thời điều chỉnh tăng giảm nhiệt độ phù hợp, tạo không khi thoải mái', 'nội thất', 'image/m5jaoi.png', 29),
	(288, 'Khoang hành lý được thiết kế rộng rãi, đáp ứng nhu cầu khách hàng', 'nội thất', 'image/zbjxtx.png', 29),
	(289, 'Hộp số sàn 5 cấp tiết kiệm nhiên liệu, giúp khách hàng cảm nhận cảm giác lái qua từng cung đường địa hình khác nhau.', 'vận hành', 'image/2bsp33.png', 29),
	(290, 'Động cơ mới được trang bị hệ thống Dual VVT-i giúp tiết kiệm nhiên liệu, vận hành êm ái, thân thiện với môi trường', 'vận hành', 'image/wsdem3.png', 29),
	(291, 'Cụm đèn trước xe  được trang bị đèn halogen phản xạ đa chiều trên nền mạ kim loại sáng bóng, đảm bảo hiệu quả chiếu sáng tối ưu khi di chuyển trên đường.', 'ngoại thất', 'image/oxncrh.jpg', 30),
	(292, 'Mâm xe 15 inch mang diện mạo cá tính mạnh mẽ đầy thu hút', 'ngoại thất', 'image/ret3mu.png', 30),
	(293, 'Hông xe với những đường dập nổi chạy dài tạo cá tính mạnh mẽ.', 'ngoại thất', 'image/yekky2.png', 30),
	(294, 'Gương chiếu hậu tích hợp điều chỉnh gập điện tạo nên sự tiện nghi cho lái xe', 'ngoại thất', 'image/yqbil4.png', 30),
	(295, 'Hàng ghế sau được thiết kế tạo cho hành khách tư thế ngồi thoải mái, ghế sau gập 30-40 dễ dàng chở các hành lý cồng kềnh.', 'nội thất', 'image/3rjmoj.png', 30),
	(296, 'Cụm đồng hồ sắc nét chia thành 3 cụm chính hiển thị rõ ràng thông tin cho người lái.', 'nội thất', 'image/ox4hma.png', 30),
	(297, 'Hệ thống điều hòa chỉnh tay giúp người lái xe tùy thời điều chỉnh tăng giảm nhiệt độ phù hợp, tạo không khi thoải mái', 'nội thất', 'image/m5jaoi.png', 30),
	(298, 'Khoang hành lý được thiết kế rộng rãi, đáp ứng nhu cầu khách hàng', 'nội thất', 'image/zbjxtx.png', 30),
	(299, 'Hộp số sàn 5 cấp tiết kiệm nhiên liệu, giúp khách hàng cảm nhận cảm giác lái qua từng cung đường địa hình khác nhau.', 'vận hành', 'image/2bsp33.png', 30),
	(300, 'Động cơ mới được trang bị hệ thống Dual VVT-i giúp tiết kiệm nhiên liệu, vận hành êm ái, thân thiện với môi trường', 'vận hành', 'image/wsdem3.png', 30);
/*!40000 ALTER TABLE `description` ENABLE KEYS */;

-- Dumping structure for table carsale.image
CREATE TABLE IF NOT EXISTS `image` (
  `image_id` int(11) NOT NULL AUTO_INCREMENT,
  `url` varchar(100) NOT NULL,
  `type_image` varchar(50) NOT NULL,
  `car_id` int(11) DEFAULT NULL,
  PRIMARY KEY (`image_id`),
  KEY `car_id` (`car_id`),
  CONSTRAINT `image_ibfk_1` FOREIGN KEY (`car_id`) REFERENCES `car` (`car_id`)
) ENGINE=InnoDB AUTO_INCREMENT=59 DEFAULT CHARSET=utf8;

-- Dumping data for table carsale.image: ~0 rows (approximately)
/*!40000 ALTER TABLE `image` DISABLE KEYS */;
INSERT INTO `image` (`image_id`, `url`, `type_image`, `car_id`) VALUES
	(1, 'image/113201443326PM-vios_2.jpg', 'car', 1),
	(2, 'image/113201443326PM-vios_1.jpg', 'car', 1),
	(3, 'image/3-1.png', 'car', 1),
	(4, 'image/van-hanh.jpg', 'car', 2),
	(5, 'image/tien-nghi.jpg', 'car', 2),
	(6, 'image/1.png', 'car', 2),
	(7, 'image/3.png', 'car', 3),
	(8, 'image/2.jpg', 'car', 3),
	(9, 'image/Fortuner-2.4G-4x2-1.jpg', 'car', 4),
	(10, 'image/2toyota-fortuner-5.jpg', 'car', 4),
	(11, 'image/2hilux.jpg', 'car', 13),
	(12, 'image/2hilux-4.jpg', 'car', 13),
	(13, 'image/3-1-400x249.png', 'avatar-car', 1),
	(14, 'image/1-400x249.png', 'avatar-car', 2),
	(15, 'image/Untitled-1-copy.jpgkkkkkkkkkkkkkkkkkkkkkkk.jpg', 'avatar-car', 3),
	(16, 'image/Fortuner-2.4G-4x2-1.jpg', 'avatar-car', 4),
	(17, 'image/Toyoa-Wigo-1.2MT.jpg', 'avatar-car', 5),
	(18, 'image/Toyota-Wigo-1.2AT.jpg', 'avatar-car', 6),
	(19, 'image/Toyota-Rush-2018.jpg', 'avatar-car', 7),
	(20, 'image/Toyota-Avanza-1.5AT-1.jpg', 'avatar-car', 8),
	(21, 'image/Toyota-Avanza-1.3MT-2.jpg', 'avatar-car', 9),
	(22, 'image/Fortuner-2.7V-4x2-2.jpg', 'avatar-car', 10),
	(23, 'image/Fortuner-2.8V-4x4-1.jpg', 'avatar-car', 11),
	(24, 'image/Hilux-2.4G-4x4MT.jpg', 'avatar-car', 12),
	(25, 'image/Hilux-2.8G-4x4-AT-MLM.jpg', 'avatar-car', 13),
	(26, 'image/Hilux-2.4E-4x2-AT-MLM.jpg', 'avatar-car', 14),
	(27, 'image/Yaris-G-CVT-1.jpg', 'avatar-car', 15),
	(28, 'image/Toyota-Alphard-2.jpg', 'avatar-car', 16),
	(29, 'image/Corolla-Altis-2.0V-1.jpg', 'avatar-car', 17),
	(30, 'image/Corolla-Altis-1.8G-CVT-1.jpg', 'avatar-car', 18),
	(31, 'image/Corolla-Altis-2.0V-Sport-1.jpg', 'avatar-car', 19),
	(32, 'image/Corolla-Altis-1.8E-CVT-1.jpg', 'avatar-car', 20),
	(33, 'image/Corolla-Altis-1.8E-MT-2.jpg', 'avatar-car', 21),
	(34, 'image/Innova-2.0V-1.jpg', 'avatar-car', 22),
	(35, 'image/Innova-Venturer-1.jpg', 'avatar-car', 23),
	(36, 'image/Innova-2.0G-1.jpg', 'avatar-car', 24),
	(37, 'image/Innova-2.0E-1.jpg', 'avatar-car', 25),
	(38, 'image/Camry-2.5Q-1.jpg', 'avatar-car', 26),
	(39, 'image/Camry-2.5G-2.jpg', 'avatar-car', 27),
	(40, 'image/Camry-2.0E-1.jpg', 'avatar-car', 28),
	(41, 'image/Vios-1.5G-CVT-3.jpg', 'avatar-car', 29),
	(42, 'image/Hiace-Động-cơ-dầu-2.jpg', 'avatar-car', 30),
	(45, 'image/oxncrh.jpg', 'ngoại thất', 30),
	(46, 'image/yqbil4.png', 'ngoại thất', 21),
	(47, 'image/ret3mu.png', 'ngoại thất', 17),
	(48, 'image/yekky2.png', 'ngoại thất', 17),
	(49, 'image/3rjmoj.png', 'nội thất', 17),
	(50, 'image/ox4hma.png', 'nội thất', 20),
	(51, 'image/m5jaoi.png', 'nội thất', 20),
	(52, 'image/zbjxtx.png', 'nội thất', 20),
	(53, 'image/2bsp33.png', 'vận hành', 21),
	(54, 'image/wsdem3.png', 'vận hành', 21),
	(55, 'img/slide/slide1.jpg', 'slide', NULL),
	(56, 'img/slide/slide2.jpg', 'slide', NULL),
	(57, 'img/slide/slide3.jpg', 'slide', NULL),
	(58, 'img/slide/slide4.jpg', 'slide', NULL);
/*!40000 ALTER TABLE `image` ENABLE KEYS */;

-- Dumping structure for table carsale.post
CREATE TABLE IF NOT EXISTS `post` (
  `post_id` int(11) NOT NULL AUTO_INCREMENT,
  `title` varchar(200) NOT NULL,
  `content` varchar(2000) NOT NULL,
  `des` varchar(500) NOT NULL,
  `time_update` date NOT NULL,
  `post_url` varchar(100) NOT NULL,
  `type_post` varchar(50) NOT NULL,
  `user_id` int(11) DEFAULT NULL,
  PRIMARY KEY (`post_id`),
  KEY `user_id` (`user_id`),
  CONSTRAINT `post_ibfk_1` FOREIGN KEY (`user_id`) REFERENCES `user` (`user_id`)
) ENGINE=InnoDB AUTO_INCREMENT=13 DEFAULT CHARSET=utf8;

-- Dumping data for table carsale.post: ~0 rows (approximately)
/*!40000 ALTER TABLE `post` DISABLE KEYS */;
INSERT INTO `post` (`post_id`, `title`, `content`, `des`, `time_update`, `post_url`, `type_post`, `user_id`) VALUES
	(1, 'TOYOTA TRIỂN KHAI CHƯƠNG TRÌNH ƯU ĐÃI DÀNH CHO KHÁCH HÀNG MUA XE COROLLA ALTIS, FORTUNER VÀ INNOVA', 'Chương trình ưu đãi dành cho khách hàng thanh toán đầy đủ khi mua xe Corolla Altis từ ngày 03/9/2019 đến 30/9/2019 và Fortuner, Innova từ ngày 03/9/2019 đến 31/10/2019 tại hệ thống đại lý Toyota trên toàn quốc.Fortuner & Innova là hai mẫu xe thường xuyên nằm trong danh sách xe bán chạy trên thị trường Việt Nam. Bên cạnh khách hàng cá nhân, gia đình, hai mẫu xe cũng được giới kinh doanh dịch vụ ưa chuộng. Có được thành công đó là nhờ việc kế thừa các giá trị cốt lõi tạo nên thành công của Toyota bao gồm chất lượng, độ bền và độ tin cậy cùng với chi phí vận hành, mức tiêu hao nhiên liệu thấp, phụ tùng sẵn có dễ thay thế cùng dịch vụ chất lượng cao và chuyên nghiệp với hệ thống 59 đại lý trải dài khắp 27 tỉnh thành trên cả nước và giá trị bán lại cao.', 'Chương trình ưu đãi dành cho khách hàng thanh toán đầy đủ khi mua xe Corolla Altis từ ngày 03/9/2019 đến 30/9/2019 và Fortuner, Innova từ ngày 03/9/2019 đến 31/10/2019 tại hệ thống đại lý Toyota trên toàn quốc. Hà Nội, ngày 03/9/2019 – Công ty Ô tô Toyota Việt Nam (TMV) cùng hệ thống đại lý Toyota trên toàn quốc thực hiện […]', '2019-09-14', 'image/FB-3a-1.jpg', 'tin tức', 1),
	(2, 'TOYOTA TRIỂN KHAI CHƯƠNG TRÌNH ƯU ĐÃI DÀNH CHO KHÁCH HÀNG MUA XE COROLLA ALTIS, FORTUNER VÀ INNOVA', 'Chương trình ưu đãi dành cho khách hàng thanh toán đầy đủ khi mua xe Corolla Altis từ ngày 03/9/2019 đến 30/9/2019 và Fortuner, Innova từ ngày 03/9/2019 đến 31/10/2019 tại hệ thống đại lý Toyota trên toàn quốc.Fortuner & Innova là hai mẫu xe thường xuyên nằm trong danh sách xe bán chạy trên thị trường Việt Nam. Bên cạnh khách hàng cá nhân, gia đình, hai mẫu xe cũng được giới kinh doanh dịch vụ ưa chuộng. Có được thành công đó là nhờ việc kế thừa các giá trị cốt lõi tạo nên thành công của Toyota bao gồm chất lượng, độ bền và độ tin cậy cùng với chi phí vận hành, mức tiêu hao nhiên liệu thấp, phụ tùng sẵn có dễ thay thế cùng dịch vụ chất lượng cao và chuyên nghiệp với hệ thống 59 đại lý trải dài khắp 27 tỉnh thành trên cả nước và giá trị bán lại cao.', 'Chương trình ưu đãi dành cho khách hàng thanh toán đầy đủ khi mua xe Corolla Altis từ ngày 03/9/2019 đến 30/9/2019 và Fortuner, Innova từ ngày 03/9/2019 đến 31/10/2019 tại hệ thống đại lý Toyota trên toàn quốc. Từ ngày 03/9/2019 – Công ty Ô tô Toyota Việt Nam (TMV) cùng hệ thống đại lý Toyota trên toàn quốc thực hiện chương […]', '2019-09-08', 'image/jlfnod.jpg', 'tin tức', 1),
	(3, 'TOYOTA VIỆT NAM XUẤT XƯỞNG CHIẾC XE THỨ 500.000', 'Chương trình ưu đãi dành cho khách hàng thanh toán đầy đủ khi mua xe Corolla Altis từ ngày 03/9/2019 đến 30/9/2019 và Fortuner, Innova từ ngày 03/9/2019 đến 31/10/2019 tại hệ thống đại lý Toyota trên toàn quốc.Fortuner & Innova là hai mẫu xe thường xuyên nằm trong danh sách xe bán chạy trên thị trường Việt Nam. Bên cạnh khách hàng cá nhân, gia đình, hai mẫu xe cũng được giới kinh doanh dịch vụ ưa chuộng. Có được thành công đó là nhờ việc kế thừa các giá trị cốt lõi tạo nên thành công của Toyota bao gồm chất lượng, độ bền và độ tin cậy cùng với chi phí vận hành, mức tiêu hao nhiên liệu thấp, phụ tùng sẵn có dễ thay thế cùng dịch vụ chất lượng cao và chuyên nghiệp với hệ thống 59 đại lý trải dài khắp 27 tỉnh thành trên cả nước và giá trị bán lại cao.', 'Nhà máy của TMV tại Vĩnh Phúc bắt đầu được thành lập vào năm 1995 và đi vào hoạt động từ năm 1996, sản lượng chỉ đạt trung bình 2 xe/ngày, với qui mô sản xuất 212 xe/năm, đến nay sản lượng nhà máy đã đạt trên 200 xe/ngày, tương đương 54.000 xe/năm. Các mẫu xe sản xuất và lắp ráp chiến lược như Vios, Innova liên tục nằm trong danh sách những mẫu xe được ưa chuộng nhất thị trường, đóng góp lớn vào kết quả ngày hôm nay với 500.000 xe xuất xưởng', '2019-06-21', 'image/Nhà-máy-TMV-1.jpg', 'tin tức', 1),
	(4, 'QUÀ TẶNG MÙA HÈ TỪ TOYOTA NHẬN QUÀ CỰC KHỦNG 5-6/2019', 'NHẬN QUÀ CỰC KHỦNG 5-6/2019 TẠI TOYOTA VĨNH PHÚC \r\nTặng 01 năm BẢO HIỂM THÂN VỎ XE + CAMERA LÙI CHÍNH HÃNG (VIOS G)\r\nTặng gói phụ kiện chính hãng: MÀN HÌNH DVD, CAMERA LÙI CHÍNH HÃNG, BỌC GHẾ DA (VIOS E CVT, E MT)\r\nTặng tiền mặt sốc trừ thẳng vào giá xe\r\nHỗ trợ trả góp lãi suất chỉ từ 0,33%/tháng\r\nGIÁ XE TOYOTA VIOS 2019:\r\n– Toyota Vios 1.5 E MT: 531.000.000 VNĐ.\r\n– Toyota Vios 1.5 E CVT: 569.000.000 VNĐ.\r\n– Toyota Vios 1.5 G CVT: 606.000.000 VNĐ.\r\nHãy liên hệ với chúng tôi để nhận thêm ưu đãi: Hotline: 0973.631.248', 'NHẬN QUÀ CỰC KHỦNG 5-6/2019 TẠI TOYOTA VĨNH PHÚC Tặng 01 năm BẢO HIỂM THÂN VỎ XE + CAMERA LÙI CHÍNH HÃNG (VIOS G) Tặng gói phụ kiện chính hãng: MÀN HÌNH DVD, CAMERA LÙI CHÍNH HÃNG, BỌC GHẾ DA (VIOS E CVT, E MT) Tặng tiền mặt sốc trừ thẳng vào giá xe Hỗ […]', '2019-05-17', 'image/PR-Articles.jpg', 'tin tức', 1),
	(5, 'SIÊU KHUYẾN MÃI THÁNG 3 dành cho VIOS, COROLLA ALTIS, INNOVA,WIGO', 'Chi tiết ưu đãi như sau:\r\n– Đối với VIOS G, COROLLA ALTIS, INNOVA (tất cả phiên bản) Tặng 01 năm Bảo hiểm Toyota\r\n– Đối với WIGO MT  Tặng 15 triệu phí trước bạ.\r\n– Đối với VIOS E (CVT), VIOS E MT  Tặng DVD + Camera lùi hoặc hỗ trợ lãi suất TFS 2.99% trong 6 tháng.\r\nNgoài ra, Khách hàng được tham dự chương trình bốc thăm may mắn và có cơ hội nhận được 01 chiếc xe cùng loại – chương trình do Toyota Việt Nam tổ chức.\r\n————-\r\nThời gian áp dụng: đến hết ngày  31/03/2019.', 'Chi tiết ưu đãi như sau: – Đối với VIOS G, COROLLA ALTIS, INNOVA (tất cả phiên bản) Tặng 01 năm Bảo hiểm Toyota – Đối với WIGO MT  Tặng 15 triệu phí trước bạ. – Đối với VIOS E (CVT), VIOS E MT  Tặng DVD + Camera lùi hoặc hỗ trợ lãi suất TFS 2.99% trong 6 […]', '2019-03-20', 'image/96feb7162136c3689a27.jpg', 'tin tức', 1),
	(6, 'Giới thiệu Toyota WIGO số sàn', 'Toyota Wigo 2018 nhập về Việt nam sử dụng động cơ dung tích lớn hơn động cơ của mẫu xe này tại triển lãm ô tô Việt nam 2017.\r\n\r\n \r\n\r\nBảng màu xe Wigo 2018. Xe có 6 màu: Trắng, Bạc, Đỏ, Cam, Xám, Đen\r\n\r\nChi tiết Toyota Wigo 2018 phần ngoại thất\r\n\r\nToyota Wigo 2018 được thiết kế phần đầu xe rộng  và 2 đèn ở dưới giống với thiết kế camry. Thiết kế đèn Đèn trước BI – Halogen có đèn led chạy ban ngày.\r\n\r\n \r\n\r\nThân xe Toyota Wigo 2018. Kích thước dài, rộng, cao của Wigo lần lượt là 3.660 x 1.600 x 1.520 (mm). Những thông số này nhỉnh hơn đôi chút so với Kia Morning. Khi bán tại Việt Nam, Wigo sẽ là sự bổ sung hợp lý cho liên doanh ôtô Nhật Bản, bởi hãng còn thiếu những chiếc hatchback giá rẻ.\r\n\r\n \r\n\r\nĐuôi xe\r\n\r\nHình ảnh đèn trước Projector giống với đàn các anh Toyota Vios, Yaris\r\n\r\nCận cảnh Lazang kích thước 175/65R14 với 8 chấu đơn bố trí chéo trông khá ngầu\r\n\r\nĐánh giá Toyota Wigo 2018 về ngoại thất: với thiết kế thể thao hầm hố, kích thước nhỉnh hơn các đối thủ hiện nay tại thị trường ô tô Việt nam, lại mang thương hiệu Toyota nên Toyota Wigo sẽ là một “đối thủ nguy hiểm” đối với bất kỳ mẫu xe nào trong phân khúc A hatchback\r\n\r\nChi tiết Toyota Wigo 2018 phần nội thất\r\n\r\nNội thất khoang lái với tông màu đen. Có thể thấy ghế lái chỉnh cơ.\r\n\r\nNội thất khoang sau xe Toyota Wigo. Ghế nỉ khá đơn sơ. So với các đối thủ khác thì nội thất của mẫu xe hạng A này khá thua kém\r\n\r\n \r\n\r\nBảng taplo với đầu CD cho số sàn và DVD cho số tự động\r\n\r\nTay lái 3 chấu bằng nhựa có nút chỉnh âm thanh\r\n\r\nCốp sau Toyota Wigo nhỏ bé chỉ tương đương với xe Kia Morning\r\n\r\nChi tiết Toyota Wigo 2018 phần động cơ, vận hành, an toàn\r\n\r\n \r\n\r\nHình ảnh động cơ xe Toyota Wigo 2018 nhập về Việt nam. Phiên bản xe Toyota Wigo nhập khẩu về Việt nam sử dụng động cơ 3NR-VE 1.2L, Dual VVT-i, dung tích 1197cc, công suất cực đại 88Hp /6000rpm, mô-men xoắn cực đại 110Nm/ 4200rpm (bản trưng bày tại triển lãm ô tô Việt Nam năm nay sở hữu động cơ 3 xi-lanh,dung tích 1.0 lít). Khối động cơ lớn hơn mang đến khả năng vận ', 'TOYOTA HIROSHIMA VĨNH PHÚC XIN KÍNH CHÀO QUÝ KHÁCH CHÚNG TÔI XIN GIỚI THIỆUTOYOTA WIGO PHÂN KHÚC A  Tư vấn bán hàng: Nguyễn Thị Thanh Hải Hotline: 0973.631.248 TOYOTA WIGO 2018:    Toyota Wigo 2018 phân phối tại Việt nam được nhập khẩu từ Indonesia, bao gồm 2 phiên bản là Toyota Wigo 1.2G AT […]', '2019-02-17', 'image/24h-toyotavietnam-1-1539168646-206-width1320height743-768x432.jpg', 'tin tức', 1),
	(7, 'GIỚI THIỆU VỀ VIOS 1.5E TỰ ĐỘNG', ' VIOS 1.5E TỰ ĐỘNG\r\nHãng sản xuất Toyota\r\nBảo hành3 năm or 100.000km\r\nGiáLiên hệ\r\nNỘI DUNG CHI TIẾT\r\nToyota Vios E Tự Động\r\nBẢNG GIÁ XE VIOS 2019 ĐÃ GIẢM GIÁ NIÊM YẾT:\r\nBẢNG GIÁ XE VIOS 2019	SỐ TIỀN\r\nTOYOTA VIOS G TỰ ĐỘNG	606.000.000\r\nTOYOTA VIOS E TỰ ĐỘNG	569.000.000\r\nTOYOTA VIOS E  SỐ SÀN	531.000.000\r\n* Khi khách hàng mua xe sẽ được giảm giá trực tiếp:\r\n+ Giảm trực tiếp tiền mặt\r\n+ Tặng phụ kiện chính hãng tùy theo khách hàng chọn\r\n+ Tặng 2 năm bảo hiểm thân vỏ\r\n\r\nQuy trình khách hàng mua ô tô trả góp bao gồm:\r\nChi phí lăn bánh tạm tính cho biển tỉnh:\r\nChi phí Lăn bánh	Số tiền\r\nThuế trước bạ (10%)	56.900.000\r\nĐăng ký xe	200.000\r\nLệ phí đăng kiểm	340.000\r\nPhí đường bộ	1.560.000\r\nTổng chi phí	59.000.000\r\n', ' VIOS 1.5E TỰ ĐỘNG Hãng sản xuất Toyota Bảo hành3 năm or 100.000km GiáLiên hệ NỘI DUNG CHI TIẾT Toyota Vios E Tự Động            CÔNG TY TOYOTA HIROSHIMA VĨNH PHÚC + Tư Vấn bán hàng  :  Nguyễn Thị Thanh Hải + Số điện thoại tư vấn  :  0973.631.248 + Hỗ […]', '2019-02-17', 'image/Beige-4R0.png', 'tin tức', 1),
	(8, 'KIẾN THỨC VỀ CẤU TẠO Ô TÔ BẠN NÊN BIẾT', 'Xe ô tô là một trong những phương tiện phổ biến nhất hiện nay. Nó giúp chúng ta có thể đi lại và vận chuyển hàng hóa một cách dễ dàng. Chính vì sự tiện lợi ấy đã có không ít người sở hữu cho mình một chiếc ô tô để đáp ứng nhu cầu đó. Vậy nó được cấu tạo như thế nào? Là một trong những câu hỏi đang được nhiều người quan tâm nhất hiện nay. Chính vì vậy mà hôm nay chúng tôi xin cung cấp cho bạn đọc một số thông tin về việc cấu tạo ô tô cũng như chức năng của từng bộ phận.\r\nCấu tạo chung của ô tô gồm 2 phần chính\r\nA. Ngoại thất\r\nNắp ca-pô: Là phần khung kim loại ở phía đầu xe có công dụng bảo vệ cho khoang động cơ, có thể đóng mở để bảo trì và sửa chữa các bộ phận bên trong.\r\n\r\nLưới tản nhiệt: Hầu hết mỗi xe ô tô đều được trang bị lưới tản nhiệt ở mặt trước để bảo vệ bộ tản nhiệt và động cơ, đồng thời cho phép không khí luồn vào bên trong. \r\n\r\nĐèn pha: Là một thiết bị chiếu sáng cho mỗi chiếc xe thường đặt ở hai góc trái phải nối liền giữa nắp capô và mặt trước của xe. \r\n\r\nCản: Là cấu trúc gắn liền hoặc được tích hợp vào phía trước và phía sau của ô tô để hấp thụ lực tác động khi xảy ra va chạm, nó góp phần giảm thiểu chấn thương cho người ngồi trong xe và hư hại ở các bộ phận khác.\r\n\r\nKính chắn gió: Là một dạng cửa sổ kính nằm ở phía trước của ô tô, không chỉ có công dụng chắn gió, bụi, mưa…vào trong xe, mà còn tham gia gia tăng độ cứng cho kết cấu xe và bảo vệ an toàn cho hành khách trong một số tình huống va chạm.\r\n\r\nGương chiếu hậu: Là gương được gắn bên góc của hai cửa trước nhằm mục đích hỗ trợ người lái nhìn thấy khu vực phía sau và hai bên của chiếc xe.\r\n\r\nB. Nội thất\r\nVô lăng\r\nBảng đồng hồ\r\nĐồng hồ đo tốc độ\r\nĐồng hồ đo vòng tua\r\nBàn đạp phanh\r\nBàn đạp ga\r\nBàn đạp ly hợp\r\nCần số\r\nBài viết với một số thông tin hữu ích về cấu tạo ô tô cũng như công dụng của từng bộ phận mà trường chúng tôi cung cấp cho bạn đọc. Hy vọng rằng qua bài viết này các bạn có thể hiểu rõ hơn về các bộ phận cấu thành nên một chiếc xe nhé. Chúc các bạn thành công!', 'Xe ô tô là một trong những phương tiện phổ biến nhất hiện nay. Nó giúp chúng ta có thể đi lại và vận chuyển hàng hóa một cách dễ dàng. Chính vì sự tiện lợi ấy đã có không ít người sở hữu cho mình một chiếc ô tô để đáp ứng nhu cầu […]', '2019-01-20', 'image/cấu-tạo-xe-1.jpg', 'tin tức', 1),
	(9, 'TOYOTA COROLLA THẾ HỆ MỚI TRẺ HÓA THIẾT KẾ', 'Thiết kế Corolla 2020 thay đổi toàn diện so với hiện tại, bổ sung thêm những công nghệ mới hỗ trợ người lái.\r\nToyota Corolla sedan thế hệ 12 vén màn trong một sự kiện riêng tại Mỹ. Thiết kế xe có nhiều điểm giống phiên bản Corolla hatchback ra mắt năm ngoái. Trong khi đó, hệ khung gầm phát triển từ nền tảng TNGA, khoang nội thất thay đổi với nhiều nâng cấp và bổ sung thêm động cơ 4 xi-lanh 2.0 mới.\r\nThiết kế đầu xe Corolla mới thay đổi đáng kể. Lưới tản nhiệt phong cách mới khá giống trên mẫu Avalon, cụm đèn thiết kế lại dùng bóng bi-LED. Corolla 2020 có kích thước dài, rộng, cao lần lượt 4.640 x 1.780 x 1.435 mm. Trục cơ sở đạt 2.700 mm. Hãng xe Nhật cho biết kết cấu mới trên xe mang đến trải nghiệm lái năng động cũng như êm ái, yên tĩnh và an toàn hơn.\r\n\r\nTrong khi đó, không gian cabin thay đổi đáng kể ở nội thất. Bảng táp-lô thiết kế lại. Hệ thống thông tin-giải trí tích hợp màn hình cảm ứng dựng đứng kích thước 8 inch. Corolla 2020 tích hợp Apple CarPlay và Amazon Alexa, kết nối Wifi, hệ thống âm thanh 6 loa.\r\n\r\nSedan của Toyota trang bị hệ thống treo Macpherson phía trước và liên kết đa điểm phía sau. Sự kết hợp của hệ thống treo này giúp kết cấu xe chắc chắn hơn, cải thiện trải nghiệm lái.\r\nTrong khi đó, Corolla 2020 trang bị hệ thống chống va chạm Toyota Safety Sense gồm cảnh báo va chạm trước, cảnh báo lệch làn đường, hệ thống điều khiển hành trình thích ứng. Ngoài ra, xe còn có các trang bị an toàn cơ bản khác như hệ thống phanh ABS, ổn định thân xe điện tử, 6 túi khí.\r\n\r\nTại Mỹ, Corolla 2020 trang bị động cơ 4 xi-lanh, 2.0, công suất 169 mã lực ở các phiên bản SE và XSE. Trong khi đó, phiên bản L, LE và XLE sử dụng động cơ 1.8 cũ, nhưng được chỉnh sửa giúp cải thiện khả năng tăng tốc.\r\n\r\nGiá bán Toyota Corolla 2020 sedan hiện chưa được công bố. Xe dự kiến bán tại Mỹ và châu Âu vào mùa xuân 2019.\r\n\r\n                                                                                                                     Nguồn : https://vnexpress.net', 'Thiết kế Corolla 2020 thay đổi toàn diện so với hiện tại, bổ sung thêm những công nghệ mới hỗ trợ người lái. Toyota Corolla sedan thế hệ 12 vén màn trong một sự kiện riêng tại Mỹ. Thiết kế xe có nhiều điểm giống phiên bản Corolla hatchback ra mắt năm ngoái. Trong khi […]', '2019-01-10', 'image/2020-toyota-corolla-2-6174-1542344527.jpg', 'tin tức', 1),
	(10, 'TOYOTA VIOS VÀ TOYOTA RUSH ĐÃ ĐẠT CHỨNG NHẬN AN TOÀN 5 SAO ASEAN NCAP', 'Toyota được trao giải thưởng xuất sắc nhất của ASEAN NCAP ở hạng mục “Không ngừng cải tiến an toàn” cho hai mẫu xe Toyota Vios và Toyota Rush.\r\nỦy ban Đánh giá xe Đông Nam Á (ASEAN NCAP) vừa tổ chức lễ trao giải lần thứ 3 (2 năm một lần) – ASEAN NCAP Grand Prix 2018 tại Karawang, Tây Java, Indonesia. Lễ trao giải ASEAN NCAP Grand Prix nhằm tôn vinh thành tích của những mẫu xe đã tham dự quá trình đánh giá của ASEAN NCAP trong hai năm qua.\r\nTại lễ trao giải, Toyota được vinh danh ở “Giải thưởng thương hiệu 5 sao tốt nhất” (2017 – 2018), trong đó đáng chú ý là Giải thưởng xuất sắc nhất của ASEAN NCAP ở hạng mục “Không ngừng cải tiến an toàn” cho hai mẫu xe Toyota Vios và Toyota Rush.\r\nTheo đó, ở các thế hệ trước, cả 2 mẫu xe này chỉ mới nhận được 4 sao NCAP. Tuy nhiên, với việc bổ sung các tính năng an toàn hiện đại, Vios và Rush đã lần lượt nhận được đánh giá 5 sao ASEAN NCAP vào năm 2017 và 2018. Thành tựu này như một minh chứng rõ ràng cho những nỗ lực không ngừng của Toyota nhằm bảo vệ hành khách và nâng cao tiêu chuẩn an toàn trong các mẫu xe của hãng.\r\nCụ thể, Toyota Vios 2018 thế hệ hệ mới đã được trang bị thêm hàng loạt công nghệ an toàn mà thế hệ cũ chưa có như: 07 túi khí, 4 phanh đĩa, hệ thống ABS, EBD, BA và đặc biệt là hệ thống cân bằng điện tử VSC, hỗ trợ khởi hành ngang dốc, hệ thống kiểm soát lực kéo và hệ thống chống trộm.\r\nToyota Vios 2018 vẫn sử dụng động cơ 2NR-FBE 1.5L Dual VVT-I, công suất 108 mã lực tại 6.000 vòng/phút, mô-men xoắn cực đại 140 Nm tại 4.200 vòng/phút, đi kèm hộp số sàn 5 cấp hoặc hộp số tự động CVT. Có 3 phiên bản Vios được bán tại Việt Nam: 1.5EMT/1.5E CVT/1.5G CVT với giá bán đề xuất: 531 – 606 triệu đồng\r\nVề phần mình, ra đời vào năm 2007 và giữ vị trí dẫn đầu trong phân khúc tại nhiều thị trường như Phillipines, Indonesia, Thái Lan….Toyota Rush thế hệ thứ 3 cũng đã được chứng nhận an toàn 5 sao ASEAN NCAP với loạt công nghệ an toàn: hệ thống phân bố lực phanh điện tử EDB, hỗ trợ phanh (BA), hệ thống chống bó cứng phanh (ABS)', 'Toyota được trao giải thưởng xuất sắc nhất của ASEAN NCAP ở hạng mục “Không ngừng cải tiến an toàn” cho hai mẫu xe Toyota Vios và Toyota Rush. Ủy ban Đánh giá xe Đông Nam Á (ASEAN NCAP) vừa tổ chức lễ trao giải lần thứ 3 (2 năm một lần) – ASEAN NCAP Grand […]', '2019-01-01', 'image/4.bn_.png', 'tin tức', 1),
	(11, 'DỊCH VỤ BẢO DƯỠNG', 'Trong quá trình vận hành, nhiều chi tiết trên xe bị mài mòn hoặc hư hỏng theo thời gian sử dụng. Điều này xảy ra với bất kỳ cơ cấu máy móc nào. Do đó, bạn cần mang xe đi kiểm tra, bảo dưỡng một cách định kỳ để đảm bảo từng chi tiết cấu thành nói riêng và tổng thể chiếc xe nói chung luôn được vận hành tốt.Dựa trên quá trình nghiên cứu các đặc tính và điều kiện sử dụng xe tại Việt Nam, Công ty ô tô Toyota Việt Nam đã xây dựng nên tiêu chuẩn về bảo dưỡng định kỳ cho mỗi loại xe mà chúng tôi sản xuất\r\nĐể được tư vấn chi tiết về nội dung kiểm tra, bảo dưỡng định kỳ, xin liên hệ với các Đại lý chính hãng của Toyota Việt Nam trên toàn quốc.\r\nVới trang thiết bị chuyên dụng và quy trình bảo dưỡng 2-3 kỹ thuật viên chuyên nghiệp, Bảo Dưỡng Nhanh sẽ giúp Quý khách hàng hài lòng hơn khi tổng thời gian chờ đợi trại trạm dịch vụ giảm xuống chỉ còn 60 phút (tính từ khi Quý khách ký lệnh sửa chữa bàn giao xe cho đến khi được thông báo xe sẵn sàng giao), trong khi quy trình bảo dưỡng thông thường mất 2-3 tiếng.\r\nGiàn lạnh là một thành phần của cụm điều hòa, không khí sau khi đi qua giàn lạnh sẽ được làm mát và tỏa vào trong xe. Sau thời gian dài sử dụng, bụi bẩn và hơi ẩm tích tụ trên bề mặt giàn lạnh làm giảm hiệu quả làm mát của điều hòa, phát sinh nấm mốc và vi khuẩn có hại cho hô hấp của người sử dụng. Toyota khuyến nghị cần định kỳ vệ sinh giàn lạnh kể từ 30.000km và sau mỗi 20.000 Km (1 lần/năm) để duy trì không khí trong lành cho xe.\r\n\r\nTuy nhiên hiện nay, việc vệ sinh giàn lạnh điều hòa là công việc rất khó khăn và phức tạp vì nó nằm sâu trong bảng táp-lô. Phương pháp truyền thống hay được sử dụng để vệ sinh giàn lạnh phải tháo dỡ toàn bộ bảng táp-lô cùng nhiều chi tiết với thời gian kéo dài từ 4 đến 6 tiếng.\r\n\r\nDịch vụ vệ sinh giàn lạnh điều hòa chính hãng Toyota, sử dụng Máy vệ sinh tự động với thiết bị chuyên biệt có thể làm sạch tận bên trong giàn lạnh mà không cần tháo dỡ táp lô với thời gian cho một lần dịch vụ chỉ 1 tiếng đồng hồ.', 'Trong quá trình vận hành, nhiều chi tiết trên xe bị mài mòn hoặc hư hỏng theo thời gian sử dụng. Điều này xảy ra với bất kỳ cơ cấu máy móc nào. Do đó, bạn cần mang xe đi kiểm tra, bảo dưỡng một cách định kỳ để đảm bảo từng chi tiết cấu […]', '2018-05-06', 'image/dich-vu-bao-duong.jpg', 'dịch vụ', 1),
	(12, 'CHÍNH SÁCH BẢO HÀNH', 'Tự hào là doanh nghiệp đứng vị trí dẫn đầu trên thị trường về dịch vụ sau bán hàng trong nhiều năm liên tiếp và được khách hàng đánh giá cao.\r\n\r\nA. Những gì được bảo hành\r\n1. Thời hạn bảo hành\r\nChế độ bảo hành bắt đầu được tính ngay kể từ thời điểm xe được giao cho chủ xe đầu tiên. Trong vòng 36 tháng hoặc 100.000 km, tùy thuộc điều kiện nào đến trước, Toyota đảm bảo sẽ sửa chữa hoặc thay thế bất kỳ phụ tùng nào của xe Toyota mới bị hỏng hóc.\r\n– Bảo hành ắc quy: Thời hạn bảo hành cho ắc quy là 12 tháng hoặc 20.000 km tùy điều kiện nào tới trước.\r\n– Bảo hành lốp: Bảo hành lốp: Ðược bảo hành theo chế độ riêng của nhà sản xuất lốp. Để biết thêm chi tiết, xin quý khách vui lòng tham khảo những trang web sau: Bridgestone, Dunlop, Michelin.\r\n\r\n2. Điều kiện bảo hành\r\n\r\nToyota chỉ đảm bảo sửa chữa, thay thế các phụ tùng của xe Toyota mới bị hỏng hóc trong điều kiện:\r\n– Xe hoạt động trong điều kiện bình thường\r\n– Nguyên liệu phụ tùng không tốt\r\n– Lỗi lắp ráp\r\n– Trừ những điều kiện ghi trong mục NHỮNG GÌ KHÔNG ĐƯỢC BẢO HÀNH\r\nChú ý: Bảo hành vẫn áp dụng khi xe được chuyển nhượng cho những chủ xe khác.\r\n\r\n3. Phạm vi áp dụng bảo hành\r\nBảo hành chỉ áp dụng trong phạm vi nước Cộng hòa Xã hội chủ nghĩa Việt Nam.\r\n\r\n4. Bảo hành miễn phí\r\nMọi sửa chữa thuộc chế độ bảo hành (phụ tùng, công lao động) là miễn phí.\r\n\r\nB. Những gì không được bảo hành\r\nNhững yếu tố ngoài kiểm soát của nhà sản xuất\r\n– Những sửa chữa hay điều chỉnh do sử dụng sai (đua xe, chở quá tải), cẩu thả, tự ý sửa đổi, biến cải, đấu nối, tháo ngắt, sửa chữa điều chỉnh không đúng kỹ thuật, tai nạn, tự ý lắp thêm phụ tùng/phụ kiện, không thuộc chế độ bảo hành.\r\n– Ăn mòn do hóa mỹ phẩm hoặc ăn mòn bề mặt xe do bị đá bắn hoặc xước sơn không được bảo hành.\r\n– Hư hại hay bị ăn mòn do môi trường như mưa axit, hóa chất, nhựa cây, muối, mưa đá, mưa bão, sấm chớp, ngập lụt và những tác động tự nhiên khác không được bảo hành.', 'Tự hào là doanh nghiệp đứng vị trí dẫn đầu trên thị trường về dịch vụ sau bán hàng trong nhiều năm liên tiếp và được khách hàng đánh giá cao. A. Những gì được bảo hành 1. Thời hạn bảo hành Chế độ bảo hành bắt đầu được tính ngay kể từ thời điểm […]', '2018-05-06', 'image/chinh-sach-bao-hanh.jpg', 'dịch vụ', 1);
/*!40000 ALTER TABLE `post` ENABLE KEYS */;

-- Dumping structure for table carsale.role
CREATE TABLE IF NOT EXISTS `role` (
  `id` int(11) NOT NULL AUTO_INCREMENT,
  `name` varchar(50) DEFAULT NULL,
  `code` varchar(50) DEFAULT NULL,
  PRIMARY KEY (`id`)
) ENGINE=InnoDB AUTO_INCREMENT=3 DEFAULT CHARSET=utf8;

-- Dumping data for table carsale.role: ~0 rows (approximately)
/*!40000 ALTER TABLE `role` DISABLE KEYS */;
INSERT INTO `role` (`id`, `name`, `code`) VALUES
	(1, 'ADMIN', 'ADMIN'),
	(2, 'USER', 'USER');
/*!40000 ALTER TABLE `role` ENABLE KEYS */;

-- Dumping structure for table carsale.spec
CREATE TABLE IF NOT EXISTS `spec` (
  `spec_id` int(11) NOT NULL AUTO_INCREMENT,
  `spec_name` varchar(50) NOT NULL,
  `detail` varchar(2000) NOT NULL,
  `car_id` int(11) NOT NULL,
  PRIMARY KEY (`spec_id`),
  KEY `car_id` (`car_id`),
  CONSTRAINT `spec_ibfk_1` FOREIGN KEY (`car_id`) REFERENCES `car` (`car_id`)
) ENGINE=InnoDB AUTO_INCREMENT=211 DEFAULT CHARSET=utf8;

-- Dumping data for table carsale.spec: ~0 rows (approximately)
/*!40000 ALTER TABLE `spec` DISABLE KEYS */;
INSERT INTO `spec` (`spec_id`, `spec_name`, `detail`, `car_id`) VALUES
	(1, 'Kích thước', 'Kích thước tổng thể	Dài x Rộng x Cao	mm	4410 x 1700 x 1475</br>\r\nKích thước nội thất	Dài x Rộng x Cao	mm	1915 x 1425 x 1205</br>\r\nChiều dài cơ sở			mm	2550</br>\r\nChiều rộng cơ sở	Trước/Sau	mm	1470/1460</br>\r\nKhoảng sáng gầm xe		mm	145</br>\r\nBán kín quay vòng tối thiểu		m	5.1</br>\r\nTrọng lượng không tải		kg	1050 – 1065</br>\r\nTrọng lượng toàn tải		kg	1500</br>\r\nDung tích bình nhiên liệu		l	42</br>', 1),
	(2, 'Động cơ – Vận hành', 'Mã động cơ		–	1NZ – FE</br>\r\nLoại			–	4 xy lanh thẳng hàng,16 van DOHC, VVT – i</br>\r\nDung tích công tác		cc	1497</br>\r\nCông suất tối đa		kW ( HP ) / rpm	80 ( 107 ) / 6000</br>\r\nMomen xoắn tối đa		Nm / rpm	141 / 4200</br>\r\nHệ số cản không khí		–	0.28</br>\r\nVận tốc tối đa		km / h	180</br>\r\nTiêu chuẩn khí xả		–	EURO 4</br>\r\nHộp số		–	Số tự động 4 cấp</br>\r\nHệ thống treo	Trước	–	Độc lập McPherson</br>\r\nSau	–	Dầm xoắn</br>\r\nLốp xe		–	185 / 60 R15</br>\r\nMâm xe		–	Mâm đúc</br>', 1),
	(3, 'Ngoại thất', 'Cụm đèn trước		–	Halogen; Phản xạ đa chiều</br>\r\nĐèn sương mù phía trước		–	Có</br>\r\nĐèn sương mù phía sau		–	Có</br>\r\nĐèn báo phanh trên cao		–	Có</br>\r\nGương chiếu hậu bên ngoài	Gập điện	–	Có</br>\r\nChỉnh điện	–	Có</br>\r\nTích hợp đèn báo rẽ	–	Có</br>\r\nCùng màu thân xe	–	Có</br>\r\nGạt mưa		–	Gián đoạn, điều chỉnh thời gian</br>\r\nĂng ten		–	Dạng cột</br>', 1),
	(4, 'Nội thất', 'Tay lái	Kiểu	–	3 chấu, urethane, mạ bạc</br>\r\nNút bấm tích hợp	–	Không</br>\r\nĐiều chỉnh	–	Chỉnh tay 2 hướng ( lên, xuống )</br>\r\nTrợ lực	–	Điện</br>\r\nGương chiếu hậu bên trong		–	2 chế độ ngày & đêm</br>\r\nChất liệu ghế		–	Nỉ cao cấp</br>', 1),
	(5, 'Tiện ích', 'Hàng ghế trước	Ghế người lái	–	Chỉnh tay 6 hướng</br>', 1),
	(6, 'An toàn', 'Hệ thống phanh	Trước	–	Đĩa thông gió 15 inch</br>\r\nSau	–	Đĩa 15 inch</br>\r\nHệ thống chống bó cứng phanh		–	Có</br>\r\nHệ thống phân phối lực phanh điện tử		–	Có</br>\r\nHệ thống hỗ trợ phanh khẩn cấp		–	Có</br>\r\nTúi khí			Người lái và hành khách phía trước</br>\r\nKhung xe GOA		–	Có</br>', 1),
	(7, 'Kích thước', 'Kích thước tổng thể	Dài x Rộng x Cao	mm	4410 x 1700 x 1475</br>\r\nKích thước nội thất	Dài x Rộng x Cao	mm	1915 x 1425 x 1205</br>\r\nChiều dài cơ sở		mm	2550</br>\r\nChiều rộng cơ sở	Trước/Sau	mm	1470/1460</br>\r\nKhoảng sáng gầm xe		mm	145</br>\r\nBán kín quay vòng tối thiểu		m	5.1</br>\r\nTrọng lượng không tải		kg	1050 – 1065</br>\r\nTrọng lượng toàn tải		kg	1500</br>\r\nDung tích bình nhiên liệu		l	42</br>', 2),
	(8, 'Động cơ – Vận hành', 'Mã động cơ		–	1NZ – FE</br>\r\nLoại		–	4 xy lanh thẳng hàng,16 van DOHC, VVT – i</br>\r\nDung tích công tác		cc	1497</br>\r\nCông suất tối đa		kW ( HP ) / rpm	80 ( 107 ) / 6000</br>\r\nMomen xoắn tối đa		Nm / rpm	141 / 4200</br>\r\nHệ số cản không khí		–	0.28</br>\r\nVận tốc tối đa		km / h	180</br>\r\nTiêu chuẩn khí xả		–	EURO 4</br>\r\nHộp số		–	Số tự động 4 cấp</br>\r\nHệ thống treo	Trước	–	Độc lập McPherson</br>\r\nSau	–	Dầm xoắn</br>\r\nLốp xe		–	185 / 60 R15</br>\r\nMâm xe		–	Mâm đúc</br>', 2),
	(9, 'Ngoại thất', 'Cụm đèn trước		–	Halogen; Phản xạ đa chiều</br>\r\nĐèn sương mù phía trước		–	Có</br>\r\nĐèn sương mù phía sau		–	Có</br>\r\nĐèn báo phanh trên cao		–	Có</br>\r\nGương chiếu hậu bên ngoài	Gập điện	–	Có</br>\r\nChỉnh điện	–	Có</br>\r\nTích hợp đèn báo rẽ	–	Có</br>\r\nCùng màu thân xe	–	Có</br>\r\nGạt mưa		–	Gián đoạn, điều chỉnh thời gian</br>\r\nĂng ten		–	Dạng cột</br>', 2),
	(10, 'Nội thất', 'Tay lái	Kiểu	–	3 chấu, urethane, mạ bạc</br>\r\nNút bấm tích hợp	–	Không</br>\r\nĐiều chỉnh	–	Chỉnh tay 2 hướng ( lên, xuống )</br>\r\nTrợ lực	–	Điện</br>\r\nGương chiếu hậu bên trong		–	2 chế độ ngày & đêm</br>\r\nChất liệu ghế		–	Nỉ cao cấp</br>', 2),
	(11, 'Tiện ích', 'Hàng ghế trước	Ghế người lái	–	Chỉnh tay 6 hướng</br>', 2),
	(12, 'An toàn', 'Hệ thống phanh	Trước	–	Đĩa thông gió 15 inch</br>\r\nSau	–	Đĩa 15 inch</br>\r\nHệ thống chống bó cứng phanh		–	Có</br>\r\nHệ thống phân phối lực phanh điện tử		–	Có</br>\r\nHệ thống hỗ trợ phanh khẩn cấp		–	Có</br>\r\nTúi khí			Người lái và hành khách phía trước</br>\r\nKhung xe GOA		–	Có</br>', 2),
	(43, 'Kích thước', 'Kích thước tổng thể	Dài x Rộng x Cao	mm	4410 x 1700 x 1475</br>\r\nKích thước nội thất	Dài x Rộng x Cao	mm	1915 x 1425 x 1205</br>\r\nChiều dài cơ sở		mm	2550</br>\r\nChiều rộng cơ sở	Trước/Sau	mm	1470/1460</br>\r\nKhoảng sáng gầm xe		mm	145</br>\r\nBán kín quay vòng tối thiểu		m	5.1</br>\r\nTrọng lượng không tải		kg	1050 – 1065</br>\r\nTrọng lượng toàn tải		kg	1500</br>\r\nDung tích bình nhiên liệu		l	42</br>', 3),
	(44, 'Động cơ – Vận hành', 'Mã động cơ		–	1NZ – FE</br>\r\nLoại		–	4 xy lanh thẳng hàng,16 van DOHC, VVT – i</br>\r\nDung tích công tác		cc	1497</br>\r\nCông suất tối đa		kW ( HP ) / rpm	80 ( 107 ) / 6000</br>\r\nMomen xoắn tối đa		Nm / rpm	141 / 4200</br>\r\nHệ số cản không khí		–	0.28</br>\r\nVận tốc tối đa		km / h	180</br>\r\nTiêu chuẩn khí xả		–	EURO 4</br>\r\nHộp số		–	Số tự động 4 cấp</br>\r\nHệ thống treo	Trước	–	Độc lập McPherson</br>\r\nSau	–	Dầm xoắn</br>\r\nLốp xe		–	185 / 60 R15</br>\r\nMâm xe		–	Mâm đúc</br>', 3),
	(45, 'Ngoại thất', 'Cụm đèn trước		–	Halogen; Phản xạ đa chiều</br>\r\nĐèn sương mù phía trước		–	Có</br>\r\nĐèn sương mù phía sau		–	Có</br>\r\nĐèn báo phanh trên cao		–	Có</br>\r\nGương chiếu hậu bên ngoài	Gập điện	–	Có</br>\r\nChỉnh điện	–	Có</br>\r\nTích hợp đèn báo rẽ	–	Có</br>\r\nCùng màu thân xe	–	Có</br>\r\nGạt mưa		–	Gián đoạn, điều chỉnh thời gian</br>\r\nĂng ten		–	Dạng cột</br>', 3),
	(46, 'Nội thất', 'Tay lái	Kiểu	–	3 chấu, urethane, mạ bạc</br>\r\nNút bấm tích hợp	–	Không</br>\r\nĐiều chỉnh	–	Chỉnh tay 2 hướng ( lên, xuống )</br>\r\nTrợ lực	–	Điện</br>\r\nGương chiếu hậu bên trong		–	2 chế độ ngày & đêm</br>\r\nChất liệu ghế		–	Nỉ cao cấp</br>', 3),
	(47, 'Tiện ích', 'Hàng ghế trước	Ghế người lái	–	Chỉnh tay 6 hướng</br>', 3),
	(48, 'An toàn', 'Hệ thống phanh	Trước	–	Đĩa thông gió 15 inch</br>\r\nSau	–	Đĩa 15 inch</br>\r\nHệ thống chống bó cứng phanh		–	Có</br>\r\nHệ thống phân phối lực phanh điện tử		–	Có</br>\r\nHệ thống hỗ trợ phanh khẩn cấp		–	Có</br>\r\nTúi khí			Người lái và hành khách phía trước</br>\r\nKhung xe GOA		–	Có</br>', 3),
	(49, 'Kích thước', 'Kích thước tổng thể	Dài x Rộng x Cao	mm	4410 x 1700 x 1475</br>\r\nKích thước nội thất	Dài x Rộng x Cao	mm	1915 x 1425 x 1205</br>\r\nChiều dài cơ sở		mm	2550</br>\r\nChiều rộng cơ sở	Trước/Sau	mm	1470/1460</br>\r\nKhoảng sáng gầm xe		mm	145</br>\r\nBán kín quay vòng tối thiểu		m	5.1</br>\r\nTrọng lượng không tải		kg	1050 – 1065</br>\r\nTrọng lượng toàn tải		kg	1500</br>\r\nDung tích bình nhiên liệu		l	42</br>', 4),
	(50, 'Động cơ – Vận hành', 'Mã động cơ		–	1NZ – FE</br>\r\nLoại		–	4 xy lanh thẳng hàng,16 van DOHC, VVT – i</br>\r\nDung tích công tác		cc	1497</br>\r\nCông suất tối đa		kW ( HP ) / rpm	80 ( 107 ) / 6000</br>\r\nMomen xoắn tối đa		Nm / rpm	141 / 4200</br>\r\nHệ số cản không khí		–	0.28</br>\r\nVận tốc tối đa		km / h	180</br>\r\nTiêu chuẩn khí xả		–	EURO 4</br>\r\nHộp số		–	Số tự động 4 cấp</br>\r\nHệ thống treo	Trước	–	Độc lập McPherson</br>\r\nSau	–	Dầm xoắn</br>\r\nLốp xe		–	185 / 60 R15</br>\r\nMâm xe		–	Mâm đúc</br>', 4),
	(51, 'Ngoại thất', 'Cụm đèn trước		–	Halogen; Phản xạ đa chiều</br>\r\nĐèn sương mù phía trước		–	Có</br>\r\nĐèn sương mù phía sau		–	Có</br>\r\nĐèn báo phanh trên cao		–	Có</br>\r\nGương chiếu hậu bên ngoài	Gập điện	–	Có</br>\r\nChỉnh điện	–	Có</br>\r\nTích hợp đèn báo rẽ	–	Có</br>\r\nCùng màu thân xe	–	Có</br>\r\nGạt mưa		–	Gián đoạn, điều chỉnh thời gian</br>\r\nĂng ten		–	Dạng cột</br>', 4),
	(52, 'Nội thất', 'Tay lái	Kiểu	–	3 chấu, urethane, mạ bạc</br>\r\nNút bấm tích hợp	–	Không</br>\r\nĐiều chỉnh	–	Chỉnh tay 2 hướng ( lên, xuống )</br>\r\nTrợ lực	–	Điện</br>\r\nGương chiếu hậu bên trong		–	2 chế độ ngày & đêm</br>\r\nChất liệu ghế		–	Nỉ cao cấp</br>', 4),
	(53, 'Tiện ích', 'Hàng ghế trước	Ghế người lái	–	Chỉnh tay 6 hướng</br>', 4),
	(54, 'An toàn', 'Hệ thống phanh	Trước	–	Đĩa thông gió 15 inch</br>\r\nSau	–	Đĩa 15 inch</br>\r\nHệ thống chống bó cứng phanh		–	Có</br>\r\nHệ thống phân phối lực phanh điện tử		–	Có</br>\r\nHệ thống hỗ trợ phanh khẩn cấp		–	Có</br>\r\nTúi khí			Người lái và hành khách phía trước</br>\r\nKhung xe GOA		–	Có</br>', 4),
	(55, 'Kích thước', 'Kích thước tổng thể	Dài x Rộng x Cao	mm	4410 x 1700 x 1475</br>\r\nKích thước nội thất	Dài x Rộng x Cao	mm	1915 x 1425 x 1205</br>\r\nChiều dài cơ sở		mm	2550</br>\r\nChiều rộng cơ sở	Trước/Sau	mm	1470/1460</br>\r\nKhoảng sáng gầm xe		mm	145</br>\r\nBán kín quay vòng tối thiểu		m	5.1</br>\r\nTrọng lượng không tải		kg	1050 – 1065</br>\r\nTrọng lượng toàn tải		kg	1500</br>\r\nDung tích bình nhiên liệu		l	42</br>', 5),
	(56, 'Động cơ – Vận hành', 'Mã động cơ		–	1NZ – FE</br>\r\nLoại		–	4 xy lanh thẳng hàng,16 van DOHC, VVT – i</br>\r\nDung tích công tác		cc	1497</br>\r\nCông suất tối đa		kW ( HP ) / rpm	80 ( 107 ) / 6000</br>\r\nMomen xoắn tối đa		Nm / rpm	141 / 4200</br>\r\nHệ số cản không khí		–	0.28</br>\r\nVận tốc tối đa		km / h	180</br>\r\nTiêu chuẩn khí xả		–	EURO 4</br>\r\nHộp số		–	Số tự động 4 cấp</br>\r\nHệ thống treo	Trước	–	Độc lập McPherson</br>\r\nSau	–	Dầm xoắn</br>\r\nLốp xe		–	185 / 60 R15</br>\r\nMâm xe		–	Mâm đúc</br>', 5),
	(57, 'Ngoại thất', 'Cụm đèn trước		–	Halogen; Phản xạ đa chiều</br>\r\nĐèn sương mù phía trước		–	Có</br>\r\nĐèn sương mù phía sau		–	Có</br>\r\nĐèn báo phanh trên cao		–	Có</br>\r\nGương chiếu hậu bên ngoài	Gập điện	–	Có</br>\r\nChỉnh điện	–	Có</br>\r\nTích hợp đèn báo rẽ	–	Có</br>\r\nCùng màu thân xe	–	Có</br>\r\nGạt mưa		–	Gián đoạn, điều chỉnh thời gian</br>\r\nĂng ten		–	Dạng cột</br>', 5),
	(58, 'Nội thất', 'Tay lái	Kiểu	–	3 chấu, urethane, mạ bạc</br>\r\nNút bấm tích hợp	–	Không</br>\r\nĐiều chỉnh	–	Chỉnh tay 2 hướng ( lên, xuống )</br>\r\nTrợ lực	–	Điện</br>\r\nGương chiếu hậu bên trong		–	2 chế độ ngày & đêm</br>\r\nChất liệu ghế		–	Nỉ cao cấp</br>', 5),
	(59, 'Tiện ích', 'Hàng ghế trước	Ghế người lái	–	Chỉnh tay 6 hướng</br>', 5),
	(60, 'An toàn', 'Hệ thống phanh	Trước	–	Đĩa thông gió 15 inch</br>\r\nSau	–	Đĩa 15 inch</br>\r\nHệ thống chống bó cứng phanh		–	Có</br>\r\nHệ thống phân phối lực phanh điện tử		–	Có</br>\r\nHệ thống hỗ trợ phanh khẩn cấp		–	Có</br>\r\nTúi khí			Người lái và hành khách phía trước</br>\r\nKhung xe GOA		–	Có</br>', 5),
	(61, 'Kích thước', 'Kích thước tổng thể	Dài x Rộng x Cao	mm	4410 x 1700 x 1475</br>\r\nKích thước nội thất	Dài x Rộng x Cao	mm	1915 x 1425 x 1205</br>\r\nChiều dài cơ sở		mm	2550</br>\r\nChiều rộng cơ sở	Trước/Sau	mm	1470/1460</br>\r\nKhoảng sáng gầm xe		mm	145</br>\r\nBán kín quay vòng tối thiểu		m	5.1</br>\r\nTrọng lượng không tải		kg	1050 – 1065</br>\r\nTrọng lượng toàn tải		kg	1500</br>\r\nDung tích bình nhiên liệu		l	42</br>', 6),
	(62, 'Động cơ – Vận hành', 'Mã động cơ		–	1NZ – FE</br>\r\nLoại		–	4 xy lanh thẳng hàng,16 van DOHC, VVT – i</br>\r\nDung tích công tác		cc	1497</br>\r\nCông suất tối đa		kW ( HP ) / rpm	80 ( 107 ) / 6000</br>\r\nMomen xoắn tối đa		Nm / rpm	141 / 4200</br>\r\nHệ số cản không khí		–	0.28</br>\r\nVận tốc tối đa		km / h	180</br>\r\nTiêu chuẩn khí xả		–	EURO 4</br>\r\nHộp số		–	Số tự động 4 cấp</br>\r\nHệ thống treo	Trước	–	Độc lập McPherson</br>\r\nSau	–	Dầm xoắn</br>\r\nLốp xe		–	185 / 60 R15</br>\r\nMâm xe		–	Mâm đúc</br>', 6),
	(63, 'Ngoại thất', 'Cụm đèn trước		–	Halogen; Phản xạ đa chiều</br>\r\nĐèn sương mù phía trước		–	Có</br>\r\nĐèn sương mù phía sau		–	Có</br>\r\nĐèn báo phanh trên cao		–	Có</br>\r\nGương chiếu hậu bên ngoài	Gập điện	–	Có</br>\r\nChỉnh điện	–	Có</br>\r\nTích hợp đèn báo rẽ	–	Có</br>\r\nCùng màu thân xe	–	Có</br>\r\nGạt mưa		–	Gián đoạn, điều chỉnh thời gian</br>\r\nĂng ten		–	Dạng cột</br>', 6),
	(64, 'Nội thất', 'Tay lái	Kiểu	–	3 chấu, urethane, mạ bạc</br>\r\nNút bấm tích hợp	–	Không</br>\r\nĐiều chỉnh	–	Chỉnh tay 2 hướng ( lên, xuống )</br>\r\nTrợ lực	–	Điện</br>\r\nGương chiếu hậu bên trong		–	2 chế độ ngày & đêm</br>\r\nChất liệu ghế		–	Nỉ cao cấp</br>', 6),
	(65, 'Tiện ích', 'Hàng ghế trước	Ghế người lái	–	Chỉnh tay 6 hướng</br>', 6),
	(66, 'An toàn', 'Hệ thống phanh	Trước	–	Đĩa thông gió 15 inch</br>\r\nSau	–	Đĩa 15 inch</br>\r\nHệ thống chống bó cứng phanh	–	Có</br>\r\nHệ thống phân phối lực phanh điện tử		–	Có</br>\r\nHệ thống hỗ trợ phanh khẩn cấp		–	Có</br>\r\nTúi khí			Người lái và hành khách phía trước</br>\r\nKhung xe GOA		–	Có</br>', 6),
	(67, 'Kích thước', 'Kích thước tổng thể	Dài x Rộng x Cao	mm	4410 x 1700 x 1475</br>\r\nKích thước nội thất	Dài x Rộng x Cao	mm	1915 x 1425 x 1205</br>\r\nChiều dài cơ sở		mm	2550</br>\r\nChiều rộng cơ sở	Trước/Sau	mm	1470/1470</br>\r\nKhoảng sáng gầm xe		mm	145</br>\r\nBán kín quay vòng tối thiểu		m	5.1</br>\r\nTrọng lượng không tải		kg	1050 – 1075</br>\r\nTrọng lượng toàn tải		kg	1500</br>\r\nDung tích bình nhiên liệu		l	42</br>', 7),
	(68, 'Động cơ – Vận hành', 'Mã động cơ		–	1NZ – FE</br>\r\nLoại		–	4 xy lanh thẳng hàng,17 van DOHC, VVT – i</br>\r\nDung tích công tác		cc	1497</br>\r\nCông suất tối đa		kW ( HP ) / rpm	80 ( 107 ) / 7000</br>\r\nMomen xoắn tối đa		Nm / rpm	141 / 4200</br>\r\nHệ số cản không khí		–	0.28</br>\r\nVận tốc tối đa		km / h	180</br>\r\nTiêu chuẩn khí xả		–	EURO 4</br>\r\nHộp số		–	Số tự động 4 cấp</br>\r\nHệ thống treo	Trước	–	Độc lập McPherson</br>\r\nSau	–	Dầm xoắn</br>\r\nLốp xe		–	185 / 70 R15</br>\r\nMâm xe		–	Mâm đúc</br>', 7),
	(69, 'Ngoại thất', 'Cụm đèn trước		–	Halogen; Phản xạ đa chiều</br>\r\nĐèn sương mù phía trước		–	Có</br>\r\nĐèn sương mù phía sau		–	Có</br>\r\nĐèn báo phanh trên cao		–	Có</br>\r\nGương chiếu hậu bên ngoài	Gập điện	–	Có</br>\r\nChỉnh điện	–	Có</br>\r\nTích hợp đèn báo rẽ	–	Có</br>\r\nCùng màu thân xe	–	Có</br>\r\nGạt mưa		–	Gián đoạn, điều chỉnh thời gian</br>\r\nĂng ten		–	Dạng cột</br>', 7),
	(70, 'Nội thất', 'Tay lái	Kiểu	–	3 chấu, urethane, mạ bạc</br>\r\nNút bấm tích hợp	–	Không</br>\r\nĐiều chỉnh	–	Chỉnh tay 2 hướng ( lên, xuống )</br>\r\nTrợ lực	–	Điện</br>\r\nGương chiếu hậu bên trong		–	2 chế độ ngày & đêm</br>\r\nChất liệu ghế		–	Nỉ cao cấp</br>', 7),
	(71, 'Tiện ích', 'Hàng ghế trước	Ghế người lái	–	Chỉnh tay 7 hướng</br>', 7),
	(72, 'An toàn', 'Hệ thống phanh	Trước	–	Đĩa thông gió 15 inch</br>\r\nSau	–	Đĩa 15 inch</br>\r\nHệ thống chống bó cứng phanh	–	Có</br>\r\nHệ thống phân phối lực phanh điện tử		–	Có</br>\r\nHệ thống hỗ trợ phanh khẩn cấp		–	Có</br>\r\nTúi khí			Người lái và hành khách phía trước</br>\r\nKhung xe GOA		–	Có</br>', 7),
	(73, 'Kích thước', 'Kích thước tổng thể	Dài x Rộng x Cao	mm	4410 x 1800 x 1485</br>\r\nKích thước nội thất	Dài x Rộng x Cao	mm	1915 x 1425 x 1205</br>\r\nChiều dài cơ sở		mm	2550</br>\r\nChiều rộng cơ sở	Trước/Sau	mm	1480/1480</br>\r\nKhoảng sáng gầm xe		mm	145</br>\r\nBán kín quay vòng tối thiểu		m	5.1</br>\r\nTrọng lượng không tải		kg	1050 – 1085</br>\r\nTrọng lượng toàn tải		kg	1500</br>\r\nDung tích bình nhiên liệu		l	42</br>', 8),
	(74, 'Động cơ – Vận hành', 'Mã động cơ		–	1NZ – FE</br>\r\nLoại		–	4 xy lanh thẳng hàng,18 van DOHC, VVT – i</br>\r\nDung tích công tác		cc	1498</br>\r\nCông suất tối đa		kW ( HP ) / rpm	80 ( 108 ) / 8000</br>\r\nMomen xoắn tối đa		Nm / rpm	141 / 4200</br>\r\nHệ số cản không khí		–	0.28</br>\r\nVận tốc tối đa		km / h	180</br>\r\nTiêu chuẩn khí xả		–	EURO 4</br>\r\nHộp số		–	Số tự động 4 cấp</br>\r\nHệ thống treo	Trước	–	Độc lập McPherson</br>\r\nSau	–	Dầm xoắn</br>\r\nLốp xe		–	185 / 80 R15</br>\r\nMâm xe		–	Mâm đúc</br>', 8),
	(75, 'Ngoại thất', 'Cụm đèn trước		–	Halogen; Phản xạ đa chiều</br>\r\nĐèn sương mù phía trước		–	Có</br>\r\nĐèn sương mù phía sau		–	Có</br>\r\nĐèn báo phanh trên cao		–	Có</br>\r\nGương chiếu hậu bên ngoài	Gập điện	–	Có</br>\r\nChỉnh điện	–	Có</br>\r\nTích hợp đèn báo rẽ	–	Có</br>\r\nCùng màu thân xe	–	Có</br>\r\nGạt mưa		–	Gián đoạn, điều chỉnh thời gian</br>\r\nĂng ten		–	Dạng cột</br>', 8),
	(76, 'Nội thất', 'Tay lái	Kiểu	–	3 chấu, urethane, mạ bạc</br>\r\nNút bấm tích hợp	–	Không</br>\r\nĐiều chỉnh	–	Chỉnh tay 2 hướng ( lên, xuống )</br>\r\nTrợ lực	–	Điện</br>\r\nGương chiếu hậu bên trong		–	2 chế độ ngày & đêm</br>\r\nChất liệu ghế		–	Nỉ cao cấp</br>', 8),
	(77, 'Tiện ích', 'Hàng ghế trước	Ghế người lái	–	Chỉnh tay 8 hướng</br>', 8),
	(78, 'An toàn', 'Hệ thống phanh	Trước	–	Đĩa thông gió 15 inch</br>\r\nSau	–	Đĩa 15 inch</br>\r\nHệ thống chống bó cứng phanh	–	Có</br>\r\nHệ thống phân phối lực phanh điện tử		–	Có</br>\r\nHệ thống hỗ trợ phanh khẩn cấp		–	Có</br>\r\nTúi khí			Người lái và hành khách phía trước</br>\r\nKhung xe GOA		–	Có</br>', 8),
	(79, 'Kích thước', 'Kích thước tổng thể	Dài x Rộng x Cao	mm	4410 x 1900 x 1495</br>\r\nKích thước nội thất	Dài x Rộng x Cao	mm	1915 x 1425 x 1205</br>\r\nChiều dài cơ sở		mm	2550</br>\r\nChiều rộng cơ sở	Trước/Sau	mm	1490/1490</br>\r\nKhoảng sáng gầm xe		mm	145</br>\r\nBán kín quay vòng tối thiểu		m	5.1</br>\r\nTrọng lượng không tải		kg	1050 – 1095</br>\r\nTrọng lượng toàn tải		kg	1500</br>\r\nDung tích bình nhiên liệu		l	42</br>', 9),
	(80, 'Động cơ – Vận hành', 'Mã động cơ		–	1NZ – FE</br>\r\nLoại		–	4 xy lanh thẳng hàng,19 van DOHC, VVT – i</br>\r\nDung tích công tác		cc	1499</br>\r\nCông suất tối đa		kW ( HP ) / rpm	90 ( 109 ) / 9000</br>\r\nMomen xoắn tối đa		Nm / rpm	141 / 4200</br>\r\nHệ số cản không khí		–	0.29</br>\r\nVận tốc tối đa		km / h	190</br>\r\nTiêu chuẩn khí xả		–	EURO 4</br>\r\nHộp số		–	Số tự động 4 cấp</br>\r\nHệ thống treo	Trước	–	Độc lập McPherson</br>\r\nSau	–	Dầm xoắn</br>\r\nLốp xe		–	195 / 90 R15</br>\r\nMâm xe		–	Mâm đúc</br>', 9),
	(81, 'Ngoại thất', 'Cụm đèn trước		–	Halogen; Phản xạ đa chiều</br>\r\nĐèn sương mù phía trước		–	Có</br>\r\nĐèn sương mù phía sau		–	Có</br>\r\nĐèn báo phanh trên cao		–	Có</br>\r\nGương chiếu hậu bên ngoài	Gập điện	–	Có</br>\r\nChỉnh điện	–	Có</br>\r\nTích hợp đèn báo rẽ	–	Có</br>\r\nCùng màu thân xe	–	Có</br>\r\nGạt mưa		–	Gián đoạn, điều chỉnh thời gian</br>\r\nĂng ten		–	Dạng cột</br>', 9),
	(82, 'Nội thất', 'Tay lái	Kiểu	–	3 chấu, urethane, mạ bạc</br>\r\nNút bấm tích hợp	–	Không</br>\r\nĐiều chỉnh	–	Chỉnh tay 2 hướng ( lên, xuống )</br>\r\nTrợ lực	–	Điện</br>\r\nGương chiếu hậu bên trong		–	2 chế độ ngày & đêm</br>\r\nChất liệu ghế		–	Nỉ cao cấp</br>', 9),
	(83, 'Tiện ích', 'Hàng ghế trước	Ghế người lái	–	Chỉnh tay 9 hướng</br>', 9),
	(84, 'An toàn', 'Hệ thống phanh	Trước	–	Đĩa thông gió 15 inch</br>\r\nSau	–	Đĩa 15 inch</br>\r\nHệ thống chống bó cứng phanh	–	Có</br>\r\nHệ thống phân phối lực phanh điện tử		–	Có</br>\r\nHệ thống hỗ trợ phanh khẩn cấp		–	Có</br>\r\nTúi khí			Người lái và hành khách phía trước</br>\r\nKhung xe GOA		–	Có</br>', 9),
	(85, 'Kích thước', 'Kích thước tổng thể	Dài x Rộng x Cao	mm	4410 x 1700 x 1475</br>\r\nKích thước nội thất	Dài x Rộng x Cao	mm	1915 x 1425 x 1205</br>\r\nChiều dài cơ sở		mm	2550</br>\r\nChiều rộng cơ sở	Trước/Sau	mm	1470/14100</br>\r\nKhoảng sáng gầm xe		mm	145</br>\r\nBán kín quay vòng tối thiểu		m	5.1</br>\r\nTrọng lượng không tải		kg	1050 – 10105</br>\r\nTrọng lượng toàn tải		kg	1500</br>\r\nDung tích bình nhiên liệu		l	42</br>', 10),
	(86, 'Động cơ – Vận hành', 'Mã động cơ		–	1NZ – FE</br>\r\nLoại		–	4 xy lanh thẳng hàng,110 van DOHC, VVT – i</br>\r\nDung tích công tác		cc	1497</br>\r\nCông suất tối đa		kW ( HP ) / rpm	80 ( 107 ) / 10000</br>\r\nMomen xoắn tối đa		Nm / rpm	141 / 4200</br>\r\nHệ số cản không khí		–	0.28</br>\r\nVận tốc tối đa		km / h	180</br>\r\nTiêu chuẩn khí xả		–	EURO 4</br>\r\nHộp số		–	Số tự động 4 cấp</br>\r\nHệ thống treo	Trước	–	Độc lập McPherson</br>\r\nSau	–	Dầm xoắn</br>\r\nLốp xe		–	185 / 100 R15</br>\r\nMâm xe		–	Mâm đúc</br>', 10),
	(87, 'Ngoại thất', 'Cụm đèn trước		–	Halogen; Phản xạ đa chiều</br>\r\nĐèn sương mù phía trước		–	Có</br>\r\nĐèn sương mù phía sau		–	Có</br>\r\nĐèn báo phanh trên cao		–	Có</br>\r\nGương chiếu hậu bên ngoài	Gập điện	–	Có</br>\r\nChỉnh điện	–	Có</br>\r\nTích hợp đèn báo rẽ	–	Có</br>\r\nCùng màu thân xe	–	Có</br>\r\nGạt mưa		–	Gián đoạn, điều chỉnh thời gian</br>\r\nĂng ten		–	Dạng cột</br>', 10),
	(88, 'Nội thất', 'Tay lái	Kiểu	–	3 chấu, urethane, mạ bạc</br>\r\nNút bấm tích hợp	–	Không</br>\r\nĐiều chỉnh	–	Chỉnh tay 2 hướng ( lên, xuống )</br>\r\nTrợ lực	–	Điện</br>\r\nGương chiếu hậu bên trong		–	2 chế độ ngày & đêm</br>\r\nChất liệu ghế		–	Nỉ cao cấp</br>', 10),
	(89, 'Tiện ích', 'Hàng ghế trước	Ghế người lái	–	Chỉnh tay 6 hướng</br>', 10),
	(90, 'An toàn', 'Hệ thống phanh	Trước	–	Đĩa thông gió 15 inch</br>\r\nSau	–	Đĩa 15 inch</br>\r\nHệ thống chống bó cứng phanh	–	Có</br>\r\nHệ thống phân phối lực phanh điện tử		–	Có</br>\r\nHệ thống hỗ trợ phanh khẩn cấp		–	Có</br>\r\nTúi khí			Người lái và hành khách phía trước</br>\r\nKhung xe GOA		–	Có</br>', 10),
	(91, 'Kích thước', 'Kích thước tổng thể	Dài x Rộng x Cao	mm	4410 x 1700 x 1475</br>\r\nKích thước nội thất	Dài x Rộng x Cao	mm	1915 x 1425 x 1205</br>\r\nChiều dài cơ sở		mm	2550</br>\r\nChiều rộng cơ sở	Trước/Sau	mm	1470/14110</br>\r\nKhoảng sáng gầm xe		mm	145</br>\r\nBán kín quay vòng tối thiểu		m	5.1</br>\r\nTrọng lượng không tải		kg	1050 – 10115</br>\r\nTrọng lượng toàn tải		kg	1500</br>\r\nDung tích bình nhiên liệu		l	42</br>', 11),
	(92, 'Động cơ – Vận hành', 'Mã động cơ		–	1NZ – FE</br>\r\nLoại		–	4 xy lanh thẳng hàng,111 van DOHC, VVT – i</br>\r\nDung tích công tác		cc	1497</br>\r\nCông suất tối đa		kW ( HP ) / rpm	80 ( 107 ) / 11000</br>\r\nMomen xoắn tối đa		Nm / rpm	141 / 4200</br>\r\nHệ số cản không khí		–	0.28</br>\r\nVận tốc tối đa		km / h	180</br>\r\nTiêu chuẩn khí xả		–	EURO 4</br>\r\nHộp số		–	Số tự động 4 cấp</br>\r\nHệ thống treo	Trước	–	Độc lập McPherson</br>\r\nSau	–	Dầm xoắn</br>\r\nLốp xe		–	185 / 110 R15</br>\r\nMâm xe		–	Mâm đúc</br>', 11),
	(93, 'Ngoại thất', 'Cụm đèn trước		–	Halogen; Phản xạ đa chiều</br>\r\nĐèn sương mù phía trước		–	Có</br>\r\nĐèn sương mù phía sau		–	Có</br>\r\nĐèn báo phanh trên cao		–	Có</br>\r\nGương chiếu hậu bên ngoài	Gập điện	–	Có</br>\r\nChỉnh điện	–	Có</br>\r\nTích hợp đèn báo rẽ	–	Có</br>\r\nCùng màu thân xe	–	Có</br>\r\nGạt mưa		–	Gián đoạn, điều chỉnh thời gian</br>\r\nĂng ten		–	Dạng cột</br>', 11),
	(94, 'Nội thất', 'Tay lái	Kiểu	–	3 chấu, urethane, mạ bạc</br>\r\nNút bấm tích hợp	–	Không</br>\r\nĐiều chỉnh	–	Chỉnh tay 2 hướng ( lên, xuống )</br>\r\nTrợ lực	–	Điện</br>\r\nGương chiếu hậu bên trong		–	2 chế độ ngày & đêm</br>\r\nChất liệu ghế		–	Nỉ cao cấp</br>', 11),
	(95, 'Tiện ích', 'Hàng ghế trước	Ghế người lái	–	Chỉnh tay 11 hướng</br>', 11),
	(96, 'An toàn', 'Hệ thống phanh	Trước	–	Đĩa thông gió 15 inch</br>\r\nSau	–	Đĩa 15 inch</br>\r\nHệ thống chống bó cứng phanh	–	Có</br>\r\nHệ thống phân phối lực phanh điện tử		–	Có</br>\r\nHệ thống hỗ trợ phanh khẩn cấp		–	Có</br>\r\nTúi khí			Người lái và hành khách phía trước</br>\r\nKhung xe GOA		–	Có</br>', 11),
	(97, 'Kích thước', 'Kích thước tổng thể	Dài x Rộng x Cao	mm	4410 x 1700 x 1475</br>\r\nKích thước nội thất	Dài x Rộng x Cao	mm	1915 x 1425 x 1205</br>\r\nChiều dài cơ sở		mm	2550</br>\r\nChiều rộng cơ sở	Trước/Sau	mm	1470/14120</br>\r\nKhoảng sáng gầm xe		mm	145</br>\r\nBán kín quay vòng tối thiểu		m	5.1</br>\r\nTrọng lượng không tải		kg	1050 – 10125</br>\r\nTrọng lượng toàn tải		kg	1500</br>\r\nDung tích bình nhiên liệu		l	42</br>', 12),
	(98, 'Động cơ – Vận hành', 'Mã động cơ		–	1NZ – FE</br>\r\nLoại		–	4 xy lanh thẳng hàng,112 van DOHC, VVT – i</br>\r\nDung tích công tác		cc	1497</br>\r\nCông suất tối đa		kW ( HP ) / rpm	80 ( 107 ) / 12000</br>\r\nMomen xoắn tối đa		Nm / rpm	141 / 4200</br>\r\nHệ số cản không khí		–	0.28</br>\r\nVận tốc tối đa		km / h	180</br>\r\nTiêu chuẩn khí xả		–	EURO 4</br>\r\nHộp số		–	Số tự động 4 cấp</br>\r\nHệ thống treo	Trước	–	Độc lập McPherson</br>\r\nSau	–	Dầm xoắn</br>\r\nLốp xe		–	185 / 120 R15</br>\r\nMâm xe		–	Mâm đúc</br>', 12),
	(99, 'Ngoại thất', 'Cụm đèn trước		–	Halogen; Phản xạ đa chiều</br>\r\nĐèn sương mù phía trước		–	Có</br>\r\nĐèn sương mù phía sau		–	Có</br>\r\nĐèn báo phanh trên cao		–	Có</br>\r\nGương chiếu hậu bên ngoài	Gập điện	–	Có<</br>\r\nChỉnh điện	–	Có</br>\r\nTích hợp đèn báo rẽ	–	Có</br>\r\nCùng màu thân xe	–	Có</br>\r\nGạt mưa		–	Gián đoạn, điều chỉnh thời gian</br>\r\nĂng ten		–	Dạng cột</br>', 12),
	(100, 'Nội thất', 'Tay lái	Kiểu	–	3 chấu, urethane, mạ bạc</br>\r\nNút bấm tích hợp	–	Không</br>\r\nĐiều chỉnh	–	Chỉnh tay 2 hướng ( lên, xuống )</br>\r\nTrợ lực	–	Điện</br>\r\nGương chiếu hậu bên trong		–	2 chế độ ngày & đêm</br>\r\nChất liệu ghế		–	Nỉ cao cấp</br>', 12),
	(101, 'Tiện ích', 'Hàng ghế trước	Ghế người lái	–	Chỉnh tay 12 hướng</br>', 12),
	(102, 'An toàn', 'Hệ thống phanh	Trước	–	Đĩa thông gió 15 inch</br>\r\nSau	–	Đĩa 15 inch</br>\r\nHệ thống chống bó cứng phanh	–	Có</br>\r\nHệ thống phân phối lực phanh điện tử		–	Có</br>\r\nHệ thống hỗ trợ phanh khẩn cấp		–	Có</br>\r\nTúi khí			Người lái và hành khách phía trước</br>\r\nKhung xe GOA		–	Có</br>', 12),
	(103, 'Kích thước', 'Kích thước tổng thể	Dài x Rộng x Cao	mm	4410 x 1700 x 1475</br>\r\nKích thước nội thất	Dài x Rộng x Cao	mm	1915 x 1425 x 1305</br>\r\nChiều dài cơ sở		mm	2550</br>\r\nChiều rộng cơ sở	Trước/Sau	mm	1470/14130</br>\r\nKhoảng sáng gầm xe		mm	145</br>\r\nBán kín quay vòng tối thiểu		m	5.1</br>\r\nTrọng lượng không tải		kg	1050 – 10135</br>\r\nTrọng lượng toàn tải		kg	1500</br>\r\nDung tích bình nhiên liệu		l	42</br>', 13),
	(104, 'Động cơ – Vận hành', 'Mã động cơ		–	1NZ – FE</br>\r\nLoại		–	4 xy lanh thẳng hàng,113 van DOHC, VVT – i</br>\r\nDung tích công tác		cc	1497</br>\r\nCông suất tối đa		kW ( HP ) / rpm	80 ( 107 ) / 13000</br>\r\nMomen xoắn tối đa		Nm / rpm	141 / 4200</br>\r\nHệ số cản không khí		–	0.28</br>\r\nVận tốc tối đa		km / h	180</br>\r\nTiêu chuẩn khí xả		–	EURO 4</br>\r\nHộp số		–	Số tự động 4 cấp</br>\r\nHệ thống treo	Trước	–	Độc lập McPherson</br>\r\nSau	–	Dầm xoắn</br>\r\nLốp xe		–	185 / 130 R15</br>\r\nMâm xe		–	Mâm đúc</br>', 13),
	(105, 'Ngoại thất', 'Cụm đèn trước		–	Halogen; Phản xạ đa chiều</br>\r\nĐèn sương mù phía trước		–	Có</br>\r\nĐèn sương mù phía sau		–	Có</br>\r\nĐèn báo phanh trên cao		–	Có</br>\r\nGương chiếu hậu bên ngoài	Gập điện	–	Có</br>\r\nChỉnh điện	–	Có</br>\r\nTích hợp đèn báo rẽ	–	Có</br>\r\nCùng màu thân xe	–	Có</br>\r\nGạt mưa		–	Gián đoạn, điều chỉnh thời gian</br>\r\nĂng ten		–	Dạng cột</br>', 13),
	(106, 'Nội thất', 'Tay lái	Kiểu	–	3 chấu, urethane, mạ bạc</br>\r\nNút bấm tích hợp	–	Không</br>\r\nĐiều chỉnh	–	Chỉnh tay 2 hướng ( lên, xuống )</br>\r\nTrợ lực	–	Điện</br>\r\nGương chiếu hậu bên trong		–	2 chế độ ngày & đêm</br>\r\nChất liệu ghế		–	Nỉ cao cấp</br>', 13),
	(107, 'Tiện ích', 'Hàng ghế trước	Ghế người lái	–	Chỉnh tay 13 hướng</br>', 13),
	(108, 'An toàn', 'Hệ thống phanh	Trước	–	Đĩa thông gió 15 inch</br>\r\nSau	–	Đĩa 15 inch</br>\r\nHệ thống chống bó cứng phanh	–	Có</br>\r\nHệ thống phân phối lực phanh điện tử		–	Có</br>\r\nHệ thống hỗ trợ phanh khẩn cấp		–	Có</br>\r\nTúi khí			Người lái và hành khách phía trước</br>\r\nKhung xe GOA		–	Có</br>', 13),
	(109, 'Kích thước', 'Kích thước tổng thể	Dài x Rộng x Cao	mm	4410 x 1700 x 1475</br>\r\nKích thước nội thất	Dài x Rộng x Cao	mm	1915 x 1425 x 1405</br>\r\nChiều dài cơ sở		mm	2550</br>\r\nChiều rộng cơ sở	Trước/Sau	mm	1470/14140</br>\r\nKhoảng sáng gầm xe		mm	145</br>\r\nBán kín quay vòng tối thiểu		m	5.1</br>\r\nTrọng lượng không tải		kg	1050 – 10145</br>\r\nTrọng lượng toàn tải		kg	1500</br>\r\nDung tích bình nhiên liệu		l	42</br>', 14),
	(110, 'Động cơ – Vận hành', 'Mã động cơ		–	1NZ – FE</br>\r\nLoại		–	4 xy lanh thẳng hàng,114 van DOHC, VVT – i</br>\r\nDung tích công tác		cc	1497</br>\r\nCông suất tối đa		kW ( HP ) / rpm	80 ( 107 ) / 14000</br>\r\nMomen xoắn tối đa		Nm / rpm	141 / 4200</br>\r\nHệ số cản không khí		–	0.28</br>\r\nVận tốc tối đa		km / h	180</br>\r\nTiêu chuẩn khí xả		–	EURO 4</br>\r\nHộp số		–	Số tự động 4 cấp</br>\r\nHệ thống treo	Trước	–	Độc lập McPherson</br>\r\nSau	–	Dầm xoắn</br>\r\nLốp xe		–	185 / 140 R15</br>\r\nMâm xe		–	Mâm đúc</br>', 14),
	(111, 'Ngoại thất', 'Cụm đèn trước		–	Halogen; Phản xạ đa chiều</br>\r\nĐèn sương mù phía trước		–	Có</br>\r\nĐèn sương mù phía sau		–	Có</br>\r\nĐèn báo phanh trên cao		–	Có</br>\r\nGương chiếu hậu bên ngoài	Gập điện	–	Có</br>\r\nChỉnh điện	–	Có</br>\r\nTích hợp đèn báo rẽ	–	Có</br>\r\nCùng màu thân xe	–	Có</br>\r\nGạt mưa		–	Gián đoạn, điều chỉnh thời gian</br>\r\nĂng ten		–	Dạng cột</br>', 14),
	(112, 'Nội thất', 'Tay lái	Kiểu	–	3 chấu, urethane, mạ bạc</br>\r\nNút bấm tích hợp	–	Không</br>\r\nĐiều chỉnh	–	Chỉnh tay 2 hướng ( lên, xuống )</br>\r\nTrợ lực	–	Điện</br>\r\nGương chiếu hậu bên trong		–	2 chế độ ngày & đêm</br>\r\nChất liệu ghế		–	Nỉ cao cấp</br>', 14),
	(113, 'Tiện ích', 'Hàng ghế trước	Ghế người lái	–	Chỉnh tay 14 hướng</br>', 14),
	(114, 'An toàn', 'Hệ thống phanh	Trước	–	Đĩa thông gió 15 inch</br>\r\nSau	–	Đĩa 15 inch</br>\r\nHệ thống chống bó cứng phanh	–	Có</br>\r\nHệ thống phân phối lực phanh điện tử		–	Có</br>\r\nHệ thống hỗ trợ phanh khẩn cấp		–	Có</br>\r\nTúi khí			Người lái và hành khách phía trước</br>\r\nKhung xe GOA		–	Có</br>', 14),
	(115, 'Kích thước', 'Kích thước tổng thể	Dài x Rộng x Cao	mm	4410 x 1700 x 1575</br>\r\nKích thước nội thất	Dài x Rộng x Cao	mm	1915 x 1525 x 1505</br>\r\nChiều dài cơ sở		mm	2550</br>\r\nChiều rộng cơ sở	Trước/Sau	mm	1570/15150</br>\r\nKhoảng sáng gầm xe		mm	155</br>\r\nBán kín quay vòng tối thiểu		m	5.1</br>\r\nTrọng lượng không tải		kg	1050 – 10155</br>\r\nTrọng lượng toàn tải		kg	1500</br>\r\nDung tích bình nhiên liệu		l	42</br>', 15),
	(116, 'Động cơ – Vận hành', 'Mã động cơ		–	1NZ – FE</br>\r\nLoại		–	4 xy lanh thẳng hàng,115 van DOHC, VVT – i</br>\r\nDung tích công tác		cc	1597</br>\r\nCông suất tối đa		kW ( HP ) / rpm	80 ( 107 ) / 15000</br>\r\nMomen xoắn tối đa		Nm / rpm	151 / 4200</br>\r\nHệ số cản không khí		–	0.28</br>\r\nVận tốc tối đa		km / h	180</br>\r\nTiêu chuẩn khí xả		–	EURO 4</br>\r\nHộp số		–	Số tự động 4 cấp</br>\r\nHệ thống treo	Trước	–	Độc lập McPherson</br>\r\nSau	–	Dầm xoắn</br>\r\nLốp xe		–	185 / 150 R15</br>\r\nMâm xe		–	Mâm đúc</br>', 15),
	(117, 'Ngoại thất', 'Cụm đèn trước		–	Halogen; Phản xạ đa chiều</br>\r\nĐèn sương mù phía trước		–	Có</br>\r\nĐèn sương mù phía sau		–	Có</br>\r\nĐèn báo phanh trên cao		–	Có</br>\r\nGương chiếu hậu bên ngoài	Gập điện	–	Có</br>\r\nChỉnh điện	–	Có</br>\r\nTích hợp đèn báo rẽ	–	Có</br>\r\nCùng màu thân xe	–	Có</br>\r\nGạt mưa		–	Gián đoạn, điều chỉnh thời gian</br>\r\nĂng ten		–	Dạng cột</br>', 15),
	(118, 'Nội thất', 'Tay lái	Kiểu	–	3 chấu, urethane, mạ bạc</br>\r\nNút bấm tích hợp	–	Không</br>\r\nĐiều chỉnh	–	Chỉnh tay 2 hướng ( lên, xuống )</br>\r\nTrợ lực	–	Điện</br>\r\nGương chiếu hậu bên trong		–	2 chế độ ngày & đêm</br>\r\nChất liệu ghế		–	Nỉ cao cấp</br>', 15),
	(119, 'Tiện ích', 'Hàng ghế trước	Ghế người lái	–	Chỉnh tay 15 hướng</br>', 15),
	(120, 'An toàn', 'Hệ thống phanh	Trước	–	Đĩa thông gió 15 inch</br>\r\nSau	–	Đĩa 15 inch</br>\r\nHệ thống chống bó cứng phanh	–	Có</br>\r\nHệ thống phân phối lực phanh điện tử		–	Có</br>\r\nHệ thống hỗ trợ phanh khẩn cấp		–	Có</br>\r\nTúi khí			Người lái và hành khách phía trước</br>\r\nKhung xe GOA		–	Có</br>', 15),
	(121, 'Kích thước', 'Kích thước tổng thể	Dài x Rộng x Cao	mm	4410 x 1700 x 1475</br>\r\nKích thước nội thất	Dài x Rộng x Cao	mm	1915 x 1425 x 1205</br>\r\nChiều dài cơ sở		mm	2550</br>\r\nChiều rộng cơ sở	Trước/Sau	mm	1470/14160</br>\r\nKhoảng sáng gầm xe		mm	145</br>\r\nBán kín quay vòng tối thiểu		m	5.1</br>\r\nTrọng lượng không tải		kg	1050 – 10165</br>\r\nTrọng lượng toàn tải		kg	1500</br>\r\nDung tích bình nhiên liệu		l	42</br>', 16),
	(122, 'Động cơ – Vận hành', 'Mã động cơ		–	1NZ – FE</br>\r\nLoại		–	4 xy lanh thẳng hàng,116 van DOHC, VVT – i</br>\r\nDung tích công tác		cc	1497</br>\r\nCông suất tối đa		kW ( HP ) / rpm	80 ( 107 ) / 16000</br>\r\nMomen xoắn tối đa		Nm / rpm	141 / 4200</br>\r\nHệ số cản không khí		–	0.28</br>\r\nVận tốc tối đa		km / h	180</br>\r\nTiêu chuẩn khí xả		–	EURO 4</br>\r\nHộp số		–	Số tự động 4 cấp</br>\r\nHệ thống treo	Trước	–	Độc lập McPherson</br>\r\nSau	–	Dầm xoắn</br>\r\nLốp xe		–	185 / 160 R15</br>\r\nMâm xe		–	Mâm đúc</br>', 16),
	(123, 'Ngoại thất', 'Cụm đèn trước		–	Halogen; Phản xạ đa chiều</br>\r\nĐèn sương mù phía trước		–	Có</br>\r\nĐèn sương mù phía sau		–	Có</br>\r\nĐèn báo phanh trên cao		–	Có</br>\r\nGương chiếu hậu bên ngoài	Gập điện	–	Có</br>\r\nChỉnh điện	–	Có</br>\r\nTích hợp đèn báo rẽ	–	Có</br>\r\nCùng màu thân xe	–	Có</br>\r\nGạt mưa		–	Gián đoạn, điều chỉnh thời gian</br>\r\nĂng ten		–	Dạng cột</br>', 16),
	(124, 'Nội thất', 'Tay lái	Kiểu	–	3 chấu, urethane, mạ bạc</br>\r\nNút bấm tích hợp	–	Không</br>\r\nĐiều chỉnh	–	Chỉnh tay 2 hướng ( lên, xuống )</br>\r\nTrợ lực	–	Điện</br>\r\nGương chiếu hậu bên trong		–	2 chế độ ngày & đêm</br>\r\nChất liệu ghế		–	Nỉ cao cấp</br>', 16),
	(125, 'Tiện ích', 'Hàng ghế trước	Ghế người lái	–	Chỉnh tay 16 hướng</br>', 16),
	(126, 'An toàn', 'Hệ thống phanh	Trước	–	Đĩa thông gió 15 inch</br>\r\nSau	–	Đĩa 15 inch</br>\r\nHệ thống chống bó cứng phanh	–	Có</br>\r\nHệ thống phân phối lực phanh điện tử		–	Có</br>\r\nHệ thống hỗ trợ phanh khẩn cấp		–	Có</br>\r\nTúi khí			Người lái và hành khách phía trước</br>\r\nKhung xe GOA		–	Có</br>', 16),
	(127, 'Kích thước', 'Kích thước tổng thể	Dài x Rộng x Cao	mm	4410 x 1700 x 1475</br>\r\nKích thước nội thất	Dài x Rộng x Cao	mm	1915 x 1425 x 1205</br>\r\nChiều dài cơ sở		mm	2550</br>\r\nChiều rộng cơ sở	Trước/Sau	mm	1470/14170</br>\r\nKhoảng sáng gầm xe		mm	145</br>\r\nBán kín quay vòng tối thiểu		m	5.1</br>\r\nTrọng lượng không tải		kg	1050 – 10175</br>\r\nTrọng lượng toàn tải		kg	1500</br>\r\nDung tích bình nhiên liệu		l	42</br>', 17),
	(128, 'Động cơ – Vận hành', 'Mã động cơ		–	1NZ – FE</br>\r\nLoại		–	4 xy lanh thẳng hàng,117 van DOHC, VVT – i</br>\r\nDung tích công tác		cc	1497</br>\r\nCông suất tối đa		kW ( HP ) / rpm	80 ( 107 ) / 17000</br>\r\nMomen xoắn tối đa		Nm / rpm	141 / 4200</br>\r\nHệ số cản không khí		–	0.28</br>\r\nVận tốc tối đa		km / h	180</br>\r\nTiêu chuẩn khí xả		–	EURO 4</br>\r\nHộp số		–	Số tự động 4 cấp</br>\r\nHệ thống treo	Trước	–	Độc lập McPherson</br>\r\nSau	–	Dầm xoắn</br>\r\nLốp xe		–	185 / 170 R15</br>\r\nMâm xe		–	Mâm đúc</br>', 17),
	(129, 'Ngoại thất', 'Cụm đèn trước		–	Halogen; Phản xạ đa chiều</br>\r\nĐèn sương mù phía trước		–	Có</br>\r\nĐèn sương mù phía sau		–	Có</br>\r\nĐèn báo phanh trên cao		–	Có</br>\r\nGương chiếu hậu bên ngoài	Gập điện	–	Có</br>\r\nChỉnh điện	–	Có</br>\r\nTích hợp đèn báo rẽ	–	Có</br>\r\nCùng màu thân xe	–	Có</br>\r\nGạt mưa		–	Gián đoạn, điều chỉnh thời gian</br>\r\nĂng ten		–	Dạng cột</br>', 17),
	(130, 'Nội thất', 'Tay lái	Kiểu	–	3 chấu, urethane, mạ bạc</br>\r\nNút bấm tích hợp	–	Không</br>\r\nĐiều chỉnh	–	Chỉnh tay 2 hướng ( lên, xuống )</br>\r\nTrợ lực	–	Điện</br>\r\nGương chiếu hậu bên trong		–	2 chế độ ngày & đêm</br>\r\nChất liệu ghế		–	Nỉ cao cấp</br>', 17),
	(131, 'Tiện ích', 'Hàng ghế trước	Ghế người lái	–	Chỉnh tay 17 hướng</br>', 17),
	(132, 'An toàn', 'Hệ thống phanh	Trước	–	Đĩa thông gió 15 inch</br>\r\nSau	–	Đĩa 15 inch</br>\r\nHệ thống chống bó cứng phanh	–	Có</br>\r\nHệ thống phân phối lực phanh điện tử		–	Có</br>\r\nHệ thống hỗ trợ phanh khẩn cấp		–	Có</br>\r\nTúi khí			Người lái và hành khách phía trước</br>\r\nKhung xe GOA		–	Có</br>', 17),
	(133, 'Kích thước', 'Kích thước tổng thể	Dài x Rộng x Cao	mm	4410 x 1800 x 1475</br>\r\nKích thước nội thất	Dài x Rộng x Cao	mm	1915 x 1425 x 1205</br>\r\nChiều dài cơ sở		mm	2550</br>\r\nChiều rộng cơ sở	Trước/Sau	mm	1470/14180</br>\r\nKhoảng sáng gầm xe		mm	145</br>\r\nBán kín quay vòng tối thiểu		m	5.1</br>\r\nTrọng lượng không tải		kg	1050 – 10185</br>\r\nTrọng lượng toàn tải		kg	1500</br>\r\nDung tích bình nhiên liệu		l	42</br>', 18),
	(134, 'Động cơ – Vận hành', 'Mã động cơ		–	1NZ – FE</br>\r\nLoại		–	4 xy lanh thẳng hàng,118 van DOHC, VVT – i</br>\r\nDung tích công tác		cc	1497</br>\r\nCông suất tối đa		kW ( HP ) / rpm	80 ( 107 ) / 18000</br>\r\nMomen xoắn tối đa		Nm / rpm	141 / 4200</br>\r\nHệ số cản không khí		–	0.28</br>\r\nVận tốc tối đa		km / h	180</br>\r\nTiêu chuẩn khí xả		–	EURO 4</br>\r\nHộp số		–	Số tự động 4 cấp</br>\r\nHệ thống treo	Trước	–	Độc lập McPherson</br>\r\nSau	–	Dầm xoắn</br>\r\nLốp xe		–	185 / 180 R15</br>\r\nMâm xe		–	Mâm đúc</br>', 18),
	(135, 'Ngoại thất', 'Cụm đèn trước		–	Halogen; Phản xạ đa chiều</br>\r\nĐèn sương mù phía trước		–	Có</br>\r\nĐèn sương mù phía sau		–	Có</br>\r\nĐèn báo phanh trên cao		–	Có</br>\r\nGương chiếu hậu bên ngoài	Gập điện	–	Có</br>\r\nChỉnh điện	–	Có</br>\r\nTích hợp đèn báo rẽ	–	Có</br>\r\nCùng màu thân xe	–	Có</br>\r\nGạt mưa		–	Gián đoạn, điều chỉnh thời gian</br>\r\nĂng ten		–	Dạng cột</br>', 18),
	(136, 'Nội thất', 'Tay lái	Kiểu	–	3 chấu, urethane, mạ bạc</br>\r\nNút bấm tích hợp	–	Không</br>\r\nĐiều chỉnh	–	Chỉnh tay 2 hướng ( lên, xuống )</br>\r\nTrợ lực	–	Điện</br>\r\nGương chiếu hậu bên trong		–	2 chế độ ngày & đêm</br>\r\nChất liệu ghế		–	Nỉ cao cấp</br>', 18),
	(137, 'Tiện ích', 'Hàng ghế trước	Ghế người lái	–	Chỉnh tay 18 hướng</br>', 18),
	(138, 'An toàn', 'Hệ thống phanh	Trước	–	Đĩa thông gió 15 inch</br>\r\nSau	–	Đĩa 15 inch</br>\r\nHệ thống chống bó cứng phanh	–	Có</br>\r\nHệ thống phân phối lực phanh điện tử		–	Có</br>\r\nHệ thống hỗ trợ phanh khẩn cấp		–	Có</br>\r\nTúi khí			Người lái và hành khách phía trước</br>\r\nKhung xe GOA		–	Có</br>', 18),
	(139, 'Kích thước', 'Kích thước tổng thể	Dài x Rộng x Cao	mm	4410 x 1900 x 1475</br>\r\nKích thước nội thất	Dài x Rộng x Cao	mm	1915 x 1425 x 1205</br>\r\nChiều dài cơ sở		mm	2550</br>\r\nChiều rộng cơ sở	Trước/Sau	mm	1470/14190</br>\r\nKhoảng sáng gầm xe		mm	145</br>\r\nBán kín quay vòng tối thiểu		m	5.1</br>\r\nTrọng lượng không tải		kg	1050 – 10195</br>\r\nTrọng lượng toàn tải		kg	1500</br>\r\nDung tích bình nhiên liệu		l	42</br>', 19),
	(140, 'Động cơ – Vận hành', 'Mã động cơ		–	1NZ – FE</br>\r\nLoại		–	4 xy lanh thẳng hàng,119 van DOHC, VVT – i</br>\r\nDung tích công tác		cc	1497</br>\r\nCông suất tối đa		kW ( HP ) / rpm	80 ( 107 ) / 19000</br>\r\nMomen xoắn tối đa		Nm / rpm	141 / 4200</br>\r\nHệ số cản không khí		–	0.28</br>\r\nVận tốc tối đa		km / h	190</br>\r\nTiêu chuẩn khí xả		–	EURO 4</br>\r\nHộp số		–	Số tự động 4 cấp</br>\r\nHệ thống treo	Trước	–	Độc lập McPherson</br>\r\nSau	–	Dầm xoắn</br>\r\nLốp xe		–	195 / 190 R15</br>\r\nMâm xe		–	Mâm đúc</br>', 19),
	(141, 'Ngoại thất', 'Cụm đèn trước		–	Halogen; Phản xạ đa chiều</br>\r\nĐèn sương mù phía trước		–	Có</br>\r\nĐèn sương mù phía sau		–	Có</br>\r\nĐèn báo phanh trên cao		–	Có</br>\r\nGương chiếu hậu bên ngoài	Gập điện	–	Có</br>\r\nChỉnh điện	–	Có</br>\r\nTích hợp đèn báo rẽ	–	Có</br>\r\nCùng màu thân xe	–	Có</br>\r\nGạt mưa		–	Gián đoạn, điều chỉnh thời gian</br>\r\nĂng ten		–	Dạng cột</br>', 19),
	(142, 'Nội thất', 'Tay lái	Kiểu	–	3 chấu, urethane, mạ bạc</br>\r\nNút bấm tích hợp	–	Không</br>\r\nĐiều chỉnh	–	Chỉnh tay 2 hướng ( lên, xuống )</br>\r\nTrợ lực	–	Điện</br>\r\nGương chiếu hậu bên trong		–	2 chế độ ngày & đêm</br>\r\nChất liệu ghế		–	Nỉ cao cấp</br>', 19),
	(143, 'Tiện ích', 'Hàng ghế trước	Ghế người lái	–	Chỉnh tay 19 hướng</br>', 19),
	(144, 'An toàn', 'Hệ thống phanh	Trước	–	Đĩa thông gió 15 inch</br>\r\nSau	–	Đĩa 15 inch</br>\r\nHệ thống chống bó cứng phanh	–	Có</br>\r\nHệ thống phân phối lực phanh điện tử		–	Có</br>\r\nHệ thống hỗ trợ phanh khẩn cấp		–	Có</br>\r\nTúi khí			Người lái và hành khách phía trước</br>\r\nKhung xe GOA		–	Có</br>', 19),
	(145, 'Kích thước', 'Kích thước tổng thể	Dài x Rộng x Cao	mm	4410 x 2000 x 1475</br>\r\nKích thước nội thất	Dài x Rộng x Cao	mm	2015 x 1425 x 1205</br>\r\nChiều dài cơ sở		mm	2550</br>\r\nChiều rộng cơ sở	Trước/Sau	mm	1470/14200</br>\r\nKhoảng sáng gầm xe		mm	145</br>\r\nBán kín quay vòng tối thiểu		m	5.1</br>\r\nTrọng lượng không tải		kg	1050 – 10205</br>\r\nTrọng lượng toàn tải		kg	1500</br>\r\nDung tích bình nhiên liệu		l	42</br>', 20),
	(146, 'Động cơ – Vận hành', 'Mã động cơ		–	1NZ – FE</br>\r\nLoại		–	4 xy lanh thẳng hàng,120 van DOHC, VVT – i</br>\r\nDung tích công tác		cc	1497</br>\r\nCông suất tối đa		kW ( HP ) / rpm	80 ( 107 ) / 20000</br>\r\nMomen xoắn tối đa		Nm / rpm	141 / 4200</br>\r\nHệ số cản không khí		–	0.28</br>\r\nVận tốc tối đa		km / h	200</br>\r\nTiêu chuẩn khí xả		–	EURO 4</br>\r\nHộp số		–	Số tự động 4 cấp</br>\r\nHệ thống treo	Trước	–	Độc lập McPherson</br>\r\nSau	–	Dầm xoắn</br>\r\nLốp xe		–	205 / 200 R15</br>\r\nMâm xe		–	Mâm đúc</br>', 20),
	(147, 'Ngoại thất', 'Cụm đèn trước		–	Halogen; Phản xạ đa chiều</br>\r\nĐèn sương mù phía trước		–	Có</br>\r\nĐèn sương mù phía sau		–	Có</br>\r\nĐèn báo phanh trên cao		–	Có</br>\r\nGương chiếu hậu bên ngoài	Gập điện	–	Có</br>\r\nChỉnh điện	–	Có</br>\r\nTích hợp đèn báo rẽ	–	Có</br>\r\nCùng màu thân xe	–	Có</br>\r\nGạt mưa		–	Gián đoạn, điều chỉnh thời gian</br>\r\nĂng ten		–	Dạng cột</br>', 20),
	(148, 'Nội thất', 'Tay lái	Kiểu	–	3 chấu, urethane, mạ bạc</br>\r\nNút bấm tích hợp	–	Không</br>\r\nĐiều chỉnh	–	Chỉnh tay 2 hướng ( lên, xuống )</br>\r\nTrợ lực	–	Điện</br>\r\nGương chiếu hậu bên trong		–	2 chế độ ngày & đêm</br>\r\nChất liệu ghế		–	Nỉ cao cấp</br>', 20),
	(149, 'Tiện ích', 'Hàng ghế trước	Ghế người lái	–	Chỉnh tay 20 hướng</br>', 20),
	(150, 'An toàn', 'Hệ thống phanh	Trước	–	Đĩa thông gió 15 inch</br>\r\nSau	–	Đĩa 15 inch</br>\r\nHệ thống chống bó cứng phanh	–	Có</br>\r\nHệ thống phân phối lực phanh điện tử		–	Có</br>\r\nHệ thống hỗ trợ phanh khẩn cấp		–	Có</br>\r\nTúi khí			Người lái và hành khách phía trước</br>\r\nKhung xe GOA		–	Có</br>', 20),
	(151, 'Kích thước', 'Kích thước tổng thể	Dài x Rộng x Cao	mm	4410 x 1700 x 1475</br>\r\nKích thước nội thất	Dài x Rộng x Cao	mm	1915 x 1425 x 1205</br>\r\nChiều dài cơ sở		mm	2550</br>\r\nChiều rộng cơ sở	Trước/Sau	mm	1470/14210</br>\r\nKhoảng sáng gầm xe		mm	145</br>\r\nBán kín quay vòng tối thiểu		m	5.1</br>\r\nTrọng lượng không tải		kg	1050 – 10215</br>\r\nTrọng lượng toàn tải		kg	1500</br>\r\nDung tích bình nhiên liệu		l	42</br>', 21),
	(152, 'Động cơ – Vận hành', 'Mã động cơ		–	1NZ – FE</br>\r\nLoại		–	4 xy lanh thẳng hàng,121 van DOHC, VVT – i</br>\r\nDung tích công tác		cc	1497</br>\r\nCông suất tối đa		kW ( HP ) / rpm	80 ( 107 ) / 21000</br>\r\nMomen xoắn tối đa		Nm / rpm	141 / 4200</br>\r\nHệ số cản không khí		–	0.28</br>\r\nVận tốc tối đa		km / h	180</br>\r\nTiêu chuẩn khí xả		–	EURO 4</br>\r\nHộp số		–	Số tự động 4 cấp</br>\r\nHệ thống treo	Trước	–	Độc lập McPherson</br>\r\nSau	–	Dầm xoắn</br>\r\nLốp xe		–	185 / 210 R15</br>\r\nMâm xe		–	Mâm đúc</br>', 21),
	(153, 'Ngoại thất', 'Cụm đèn trước		–	Halogen; Phản xạ đa chiều</br>\r\nĐèn sương mù phía trước		–	Có</br>\r\nĐèn sương mù phía sau		–	Có</br>\r\nĐèn báo phanh trên cao		–	Có</br>\r\nGương chiếu hậu bên ngoài	Gập điện	–	Có</br>\r\nChỉnh điện	–	Có</br>\r\nTích hợp đèn báo rẽ	–	Có</br>\r\nCùng màu thân xe	–	Có</br>\r\nGạt mưa		–	Gián đoạn, điều chỉnh thời gian</br>\r\nĂng ten		–	Dạng cột</br>', 21),
	(154, 'Nội thất', 'Tay lái	Kiểu	–	3 chấu, urethane, mạ bạc</br>\r\nNút bấm tích hợp	–	Không</br>\r\nĐiều chỉnh	–	Chỉnh tay 2 hướng ( lên, xuống )</br>\r\nTrợ lực	–	Điện</br>\r\nGương chiếu hậu bên trong		–	2 chế độ ngày & đêm</br>\r\nChất liệu ghế		–	Nỉ cao cấp</br>', 21),
	(155, 'Tiện ích', 'Hàng ghế trước	Ghế người lái	–	Chỉnh tay 21 hướng</br>', 21),
	(156, 'An toàn', 'Hệ thống phanh	Trước	–	Đĩa thông gió 15 inch</br>\r\nSau	–	Đĩa 15 inch</br>\r\nHệ thống chống bó cứng phanh	–	Có</br>\r\nHệ thống phân phối lực phanh điện tử		–	Có</br>\r\nHệ thống hỗ trợ phanh khẩn cấp		–	Có</br>\r\nTúi khí			Người lái và hành khách phía trước</br>\r\nKhung xe GOA		–	Có</br>', 21),
	(157, 'Kích thước', 'Kích thước tổng thể	Dài x Rộng x Cao	mm	4410 x 1700 x 1475</br>\r\nKích thước nội thất	Dài x Rộng x Cao	mm	1915 x 1425 x 1205</br>\r\nChiều dài cơ sở		mm	2550</br>\r\nChiều rộng cơ sở	Trước/Sau	mm	1470/14220</br>\r\nKhoảng sáng gầm xe		mm	145</br>\r\nBán kín quay vòng tối thiểu		m	5.1</br>\r\nTrọng lượng không tải		kg	1050 – 10225</br>\r\nTrọng lượng toàn tải		kg	1500</br>\r\nDung tích bình nhiên liệu		l	42</br>', 22),
	(158, 'Động cơ – Vận hành', 'Mã động cơ		–	1NZ – FE</br>\r\nLoại		–	4 xy lanh thẳng hàng,122 van DOHC, VVT – i</br>\r\nDung tích công tác		cc	1497</br>\r\nCông suất tối đa		kW ( HP ) / rpm	80 ( 107 ) / 22000</br>\r\nMomen xoắn tối đa		Nm / rpm	141 / 4200</br>\r\nHệ số cản không khí		–	0.28</br>\r\nVận tốc tối đa		km / h	180</br>\r\nTiêu chuẩn khí xả		–	EURO 4</br>\r\nHộp số		–	Số tự động 4 cấp</br>\r\nHệ thống treo	Trước	–	Độc lập McPherson</br>\r\nSau	–	Dầm xoắn</br>\r\nLốp xe		–	185 / 220 R15</br>\r\nMâm xe		–	Mâm đúc</br>', 22),
	(159, 'Ngoại thất', 'Cụm đèn trước		–	Halogen; Phản xạ đa chiều</br>\r\nĐèn sương mù phía trước		–	Có</br>\r\nĐèn sương mù phía sau		–	Có</br>\r\nĐèn báo phanh trên cao		–	Có</br>\r\nGương chiếu hậu bên ngoài	Gập điện	–	Có</br>\r\nChỉnh điện	–	Có</br>\r\nTích hợp đèn báo rẽ	–	Có</br>\r\nCùng màu thân xe	–	Có</br>\r\nGạt mưa		–	Gián đoạn, điều chỉnh thời gian</br>\r\nĂng ten		–	Dạng cột</br>', 22),
	(160, 'Nội thất', 'Tay lái	Kiểu	–	3 chấu, urethane, mạ bạc</br>\r\nNút bấm tích hợp	–	Không</br>\r\nĐiều chỉnh	–	Chỉnh tay 2 hướng ( lên, xuống )</br>\r\nTrợ lực	–	Điện</br>\r\nGương chiếu hậu bên trong		–	2 chế độ ngày & đêm</br>\r\nChất liệu ghế		–	Nỉ cao cấp</br>', 22),
	(161, 'Tiện ích', 'Hàng ghế trước	Ghế người lái	–	Chỉnh tay 22 hướng</br>', 22),
	(162, 'An toàn', 'Hệ thống phanh	Trước	–	Đĩa thông gió 15 inch</br>\r\nSau	–	Đĩa 15 inch</br>\r\nHệ thống chống bó cứng phanh	–	Có</br>\r\nHệ thống phân phối lực phanh điện tử		–	Có</br>\r\nHệ thống hỗ trợ phanh khẩn cấp		–	Có</br>\r\nTúi khí			Người lái và hành khách phía trước</br>\r\nKhung xe GOA		–	Có</br>', 22),
	(163, 'Kích thước', 'Kích thước tổng thể	Dài x Rộng x Cao	mm	4410 x 1700 x 1475</br>\r\nKích thước nội thất	Dài x Rộng x Cao	mm	1915 x 1425 x 1205</br>\r\nChiều dài cơ sở		mm	2550</br>\r\nChiều rộng cơ sở	Trước/Sau	mm	1470/14230</br>\r\nKhoảng sáng gầm xe		mm	145</br>\r\nBán kín quay vòng tối thiểu		m	5.1</br>\r\nTrọng lượng không tải		kg	1050 – 10235</br>\r\nTrọng lượng toàn tải		kg	1500</br>\r\nDung tích bình nhiên liệu		l	42</br>', 23),
	(164, 'Động cơ – Vận hành', 'Mã động cơ		–	1NZ – FE</br>\r\nLoại		–	4 xy lanh thẳng hàng,123 van DOHC, VVT – i</br>\r\nDung tích công tác		cc	1497</br>\r\nCông suất tối đa		kW ( HP ) / rpm	80 ( 107 ) / 23000</br>\r\nMomen xoắn tối đa		Nm / rpm	141 / 4200</br>\r\nHệ số cản không khí		–	0.28</br>\r\nVận tốc tối đa		km / h	180</br>\r\nTiêu chuẩn khí xả		–	EURO 4</br>\r\nHộp số		–	Số tự động 4 cấp</br>\r\nHệ thống treo	Trước	–	Độc lập McPherson</br>\r\nSau	–	Dầm xoắn</br>\r\nLốp xe		–	185 / 230 R15</br>\r\nMâm xe		–	Mâm đúc</br>', 23),
	(165, 'Ngoại thất', 'Cụm đèn trước		–	Halogen; Phản xạ đa chiều</br>\r\nĐèn sương mù phía trước		–	Có</br>\r\nĐèn sương mù phía sau		–	Có</br>\r\nĐèn báo phanh trên cao		–	Có</br>\r\nGương chiếu hậu bên ngoài	Gập điện	–	Có</br>\r\nChỉnh điện	–	Có</br>\r\nTích hợp đèn báo rẽ	–	Có</br>\r\nCùng màu thân xe	–	Có</br>\r\nGạt mưa		–	Gián đoạn, điều chỉnh thời gian</br>\r\nĂng ten		–	Dạng cột</br>', 23),
	(166, 'Nội thất', 'Tay lái	Kiểu	–	3 chấu, urethane, mạ bạc</br>\r\nNút bấm tích hợp	–	Không</br>\r\nĐiều chỉnh	–	Chỉnh tay 2 hướng ( lên, xuống )</br>\r\nTrợ lực	–	Điện</br>\r\nGương chiếu hậu bên trong		–	2 chế độ ngày & đêm</br>\r\nChất liệu ghế		–	Nỉ cao cấp</br>', 23),
	(167, 'Tiện ích', 'Hàng ghế trước	Ghế người lái	–	Chỉnh tay 23 hướng</br>', 23),
	(168, 'An toàn', 'Hệ thống phanh	Trước	–	Đĩa thông gió 15 inch</br>\r\nSau	–	Đĩa 15 inch</br>\r\nHệ thống chống bó cứng phanh	–	Có</br>\r\nHệ thống phân phối lực phanh điện tử		–	Có</br>\r\nHệ thống hỗ trợ phanh khẩn cấp		–	Có</br>\r\nTúi khí			Người lái và hành khách phía trước</br>\r\nKhung xe GOA		–	Có</br>', 23),
	(169, 'Kích thước', 'Kích thước tổng thể	Dài x Rộng x Cao	mm	4410 x 1700 x 1475</br>\r\nKích thước nội thất	Dài x Rộng x Cao	mm	1915 x 1425 x 1205</br>\r\nChiều dài cơ sở		mm	2550</br>\r\nChiều rộng cơ sở	Trước/Sau	mm	1470/14240</br>\r\nKhoảng sáng gầm xe		mm	145</br>\r\nBán kín quay vòng tối thiểu		m	5.1</br>\r\nTrọng lượng không tải		kg	1050 – 10245</br>\r\nTrọng lượng toàn tải		kg	1500</br>\r\nDung tích bình nhiên liệu		l	42</br>', 24),
	(170, 'Động cơ – Vận hành', 'Mã động cơ		–	1NZ – FE</br>\r\nLoại		–	4 xy lanh thẳng hàng,124 van DOHC, VVT – i</br>\r\nDung tích công tác		cc	1497</br>\r\nCông suất tối đa		kW ( HP ) / rpm	80 ( 107 ) / 24000</br>\r\nMomen xoắn tối đa		Nm / rpm	141 / 4200</br>\r\nHệ số cản không khí		–	0.28</br>\r\nVận tốc tối đa		km / h	180</br>\r\nTiêu chuẩn khí xả		–	EURO 4</br>\r\nHộp số		–	Số tự động 4 cấp</br>\r\nHệ thống treo	Trước	–	Độc lập McPherson</br>\r\nSau	–	Dầm xoắn</br>\r\nLốp xe		–	185 / 240 R15</br>\r\nMâm xe		–	Mâm đúc</br>', 24),
	(171, 'Ngoại thất', 'Cụm đèn trước		–	Halogen; Phản xạ đa chiều</br>\r\nĐèn sương mù phía trước		–	Có</br>\r\nĐèn sương mù phía sau		–	Có</br>\r\nĐèn báo phanh trên cao		–	Có</br>\r\nGương chiếu hậu bên ngoài	Gập điện	–	Có</br>\r\nChỉnh điện	–	Có</br>\r\nTích hợp đèn báo rẽ	–	Có</br>\r\nCùng màu thân xe	–	Có</br>\r\nGạt mưa		–	Gián đoạn, điều chỉnh thời gian</br>\r\nĂng ten		–	Dạng cột</br>', 24),
	(172, 'Nội thất', 'Tay lái	Kiểu	–	3 chấu, urethane, mạ bạc</br>\r\nNút bấm tích hợp	–	Không</br>\r\nĐiều chỉnh	–	Chỉnh tay 2 hướng ( lên, xuống )</br>\r\nTrợ lực	–	Điện</br>\r\nGương chiếu hậu bên trong		–	2 chế độ ngày & đêm</br>\r\nChất liệu ghế		–	Nỉ cao cấp</br>', 24),
	(173, 'Tiện ích', 'Hàng ghế trước	Ghế người lái	–	Chỉnh tay 24 hướng</br>', 24),
	(174, 'An toàn', 'Hệ thống phanh	Trước	–	Đĩa thông gió 15 inch</br>\r\nSau	–	Đĩa 15 inch</br>\r\nHệ thống chống bó cứng phanh	–	Có</br>\r\nHệ thống phân phối lực phanh điện tử		–	Có</br>\r\nHệ thống hỗ trợ phanh khẩn cấp		–	Có</br>\r\nTúi khí			Người lái và hành khách phía trước</br>\r\nKhung xe GOA		–	Có</br>', 24),
	(175, 'Kích thước', 'Kích thước tổng thể	Dài x Rộng x Cao	mm	4410 x 1700 x 1475</br>\r\nKích thước nội thất	Dài x Rộng x Cao	mm	1915 x 1425 x 1205</br>\r\nChiều dài cơ sở		mm	2550</br>\r\nChiều rộng cơ sở	Trước/Sau	mm	1470/14250</br>\r\nKhoảng sáng gầm xe		mm	145</br>\r\nBán kín quay vòng tối thiểu		m	5.1</br>\r\nTrọng lượng không tải		kg	1050 – 10255</br>\r\nTrọng lượng toàn tải		kg	1500</br>\r\nDung tích bình nhiên liệu		l	42</br>', 25),
	(176, 'Động cơ – Vận hành', 'Mã động cơ		–	1NZ – FE</br>\r\nLoại		–	4 xy lanh thẳng hàng,125 van DOHC, VVT – i</br>\r\nDung tích công tác		cc	1497</br>\r\nCông suất tối đa		kW ( HP ) / rpm	80 ( 107 ) / 25000</br>\r\nMomen xoắn tối đa		Nm / rpm	141 / 4200</br>\r\nHệ số cản không khí		–	0.28</br>\r\nVận tốc tối đa		km / h	180</br>\r\nTiêu chuẩn khí xả		–	EURO 4</br>\r\nHộp số		–	Số tự động 4 cấp</br>\r\nHệ thống treo	Trước	–	Độc lập McPherson</br>\r\nSau	–	Dầm xoắn</br>\r\nLốp xe		–	185 / 250 R15</br>\r\nMâm xe		–	Mâm đúc</br>', 25),
	(177, 'Ngoại thất', 'Cụm đèn trước		–	Halogen; Phản xạ đa chiều</br>\r\nĐèn sương mù phía trước		–	Có</br>\r\nĐèn sương mù phía sau		–	Có</br>\r\nĐèn báo phanh trên cao		–	Có</br>\r\nGương chiếu hậu bên ngoài	Gập điện	–	Có</br>\r\nChỉnh điện	–	Có</br>\r\nTích hợp đèn báo rẽ	–	Có</br>\r\nCùng màu thân xe	–	Có</br>\r\nGạt mưa		–	Gián đoạn, điều chỉnh thời gian</br>\r\nĂng ten		–	Dạng cột</br>', 25),
	(178, 'Nội thất', 'Tay lái	Kiểu	–	3 chấu, urethane, mạ bạc</br>\r\nNút bấm tích hợp	–	Không</br>\r\nĐiều chỉnh	–	Chỉnh tay 2 hướng ( lên, xuống )</br>\r\nTrợ lực	–	Điện</br>\r\nGương chiếu hậu bên trong		–	2 chế độ ngày & đêm</br>\r\nChất liệu ghế		–	Nỉ cao cấp</br>', 25),
	(179, 'Tiện ích', 'Hàng ghế trước	Ghế người lái	–	Chỉnh tay 25 hướng</br>', 25),
	(180, 'An toàn', 'Hệ thống phanh	Trước	–	Đĩa thông gió 15 inch</br>\r\nSau	–	Đĩa 15 inch</br>\r\nHệ thống chống bó cứng phanh	–	Có</br>\r\nHệ thống phân phối lực phanh điện tử		–	Có</br>\r\nHệ thống hỗ trợ phanh khẩn cấp		–	Có</br>\r\nTúi khí			Người lái và hành khách phía trước</br>\r\nKhung xe GOA		–	Có</br>', 25),
	(181, 'Kích thước', 'Kích thước tổng thể	Dài x Rộng x Cao	mm	4410 x 1700 x 1475</br>\r\nKích thước nội thất	Dài x Rộng x Cao	mm	1915 x 1426 x 1205</br>\r\nChiều dài cơ sở		mm	2650</br>\r\nChiều rộng cơ sở	Trước/Sau	mm	1470/14260</br>\r\nKhoảng sáng gầm xe		mm	145</br>\r\nBán kín quay vòng tối thiểu		m	5.1</br>\r\nTrọng lượng không tải		kg	1050 – 10265</br>\r\nTrọng lượng toàn tải		kg	1500</br>\r\nDung tích bình nhiên liệu		l	42</br>', 26),
	(182, 'Động cơ – Vận hành', 'Mã động cơ		–	1NZ – FE</br>\r\nLoại		–	4 xy lanh thẳng hàng,126 van DOHC, VVT – i</br>\r\nDung tích công tác		cc	1497</br>\r\nCông suất tối đa		kW ( HP ) / rpm	80 ( 107 ) / 26000</br>\r\nMomen xoắn tối đa		Nm / rpm	141 / 4200</br>\r\nHệ số cản không khí		–	0.28</br>\r\nVận tốc tối đa		km / h	180</br>\r\nTiêu chuẩn khí xả		–	EURO 4</br>\r\nHộp số		–	Số tự động 4 cấp</br>\r\nHệ thống treo	Trước	–	Độc lập McPherson</br>\r\nSau	–	Dầm xoắn</br>\r\nLốp xe		–	185 / 260 R15</br>\r\nMâm xe		–	Mâm đúc</br>', 26),
	(183, 'Ngoại thất', 'Cụm đèn trước		–	Halogen; Phản xạ đa chiều</br>\r\nĐèn sương mù phía trước		–	Có</br>\r\nĐèn sương mù phía sau		–	Có</br>\r\nĐèn báo phanh trên cao		–	Có</br>\r\nGương chiếu hậu bên ngoài	Gập điện	–	Có</br>\r\nChỉnh điện	–	Có</br>\r\nTích hợp đèn báo rẽ	–	Có</br>\r\nCùng màu thân xe	–	Có</br>\r\nGạt mưa		–	Gián đoạn, điều chỉnh thời gian</br>\r\nĂng ten		–	Dạng cột</br>', 26),
	(184, 'Nội thất', 'Tay lái	Kiểu	–	3 chấu, urethane, mạ bạc</br>\r\nNút bấm tích hợp	–	Không</br>\r\nĐiều chỉnh	–	Chỉnh tay 2 hướng ( lên, xuống )</br>\r\nTrợ lực	–	Điện</br>\r\nGương chiếu hậu bên trong		–	2 chế độ ngày & đêm</br>\r\nChất liệu ghế		–	Nỉ cao cấp</br>', 26),
	(185, 'Tiện ích', 'Hàng ghế trước	Ghế người lái	–	Chỉnh tay 6 hướng</br>', 26),
	(186, 'An toàn', 'Hệ thống phanh	Trước	–	Đĩa thông gió 15 inch</br>\r\nSau	–	Đĩa 15 inch</br>\r\nHệ thống chống bó cứng phanh	–	Có</br>\r\nHệ thống phân phối lực phanh điện tử		–	Có</br>\r\nHệ thống hỗ trợ phanh khẩn cấp		–	Có</br>\r\nTúi khí			Người lái và hành khách phía trước</br>\r\nKhung xe GOA		–	Có</br>', 26),
	(187, 'Kích thước', 'Kích thước tổng thể	Dài x Rộng x Cao	mm	4410 x 1700 x 1475</br>\r\nKích thước nội thất	Dài x Rộng x Cao	mm	1915 x 1425 x 1205</br>\r\nChiều dài cơ sở		mm	2550</br>\r\nChiều rộng cơ sở	Trước/Sau	mm	1470/14270</br>\r\nKhoảng sáng gầm xe		mm	145</br>\r\nBán kín quay vòng tối thiểu		m	5.1</br>\r\nTrọng lượng không tải		kg	1050 – 1075</br>\r\nTrọng lượng toàn tải		kg	1500</br>\r\nDung tích bình nhiên liệu		l	42</br>', 27),
	(188, 'Động cơ – Vận hành', 'Mã động cơ		–	1NZ – FE</br>\r\nLoại		–	4 xy lanh thẳng hàng,127 van DOHC, VVT – i</br>\r\nDung tích công tác		cc	1497</br>\r\nCông suất tối đa		kW ( HP ) / rpm	80 ( 107 ) / 27000</br>\r\nMomen xoắn tối đa		Nm / rpm	141 / 4200</br>\r\nHệ số cản không khí		–	0.28</br>\r\nVận tốc tối đa		km / h	180</br>\r\nTiêu chuẩn khí xả		–	EURO 4</br>\r\nHộp số		–	Số tự động 4 cấp</br>\r\nHệ thống treo	Trước	–	Độc lập McPherson</br>\r\nSau	–	Dầm xoắn</br>\r\nLốp xe		–	185 / 270 R15</br>\r\nMâm xe		–	Mâm đúc</br>', 27),
	(189, 'Ngoại thất', 'Cụm đèn trước		–	Halogen; Phản xạ đa chiều</br>\r\nĐèn sương mù phía trước		–	Có</br>\r\nĐèn sương mù phía sau		–	Có</br>\r\nĐèn báo phanh trên cao		–	Có</br>\r\nGương chiếu hậu bên ngoài	Gập điện	–	Có</br>\r\nChỉnh điện	–	Có</br>\r\nTích hợp đèn báo rẽ	–	Có</br>\r\nCùng màu thân xe	–	Có</br>\r\nGạt mưa		–	Gián đoạn, điều chỉnh thời gian</br>\r\nĂng ten		–	Dạng cột</br>', 27),
	(190, 'Nội thất', 'Tay lái	Kiểu	–	3 chấu, urethane, mạ bạc</br>\r\nNút bấm tích hợp	–	Không</br>\r\nĐiều chỉnh	–	Chỉnh tay 2 hướng ( lên, xuống )</br>\r\nTrợ lực	–	Điện</br>\r\nGương chiếu hậu bên trong		–	2 chế độ ngày & đêm</br>\r\nChất liệu ghế		–	Nỉ cao cấp</br>', 27),
	(191, 'Tiện ích', 'Hàng ghế trước	Ghế người lái	–	Chỉnh tay 27 hướng</br>', 27),
	(192, 'An toàn', 'Hệ thống phanh	Trước	–	Đĩa thông gió 15 inch</br>\r\nSau	–	Đĩa 15 inch</br>\r\nHệ thống chống bó cứng phanh	–	Có</br>\r\nHệ thống phân phối lực phanh điện tử		–	Có</br>\r\nHệ thống hỗ trợ phanh khẩn cấp		–	Có</br>\r\nTúi khí			Người lái và hành khách phía trước</br>\r\nKhung xe GOA		–	Có</br>', 27),
	(193, 'Kích thước', 'Kích thước tổng thể	Dài x Rộng x Cao	mm	4410 x 1700 x 1475</br>\r\nKích thước nội thất	Dài x Rộng x Cao	mm	1915 x 1425 x 1205</br>\r\nChiều dài cơ sở		mm	2550</br>\r\nChiều rộng cơ sở	Trước/Sau	mm	1470/14280</br>\r\nKhoảng sáng gầm xe		mm	145</br>\r\nBán kín quay vòng tối thiểu		m	5.1</br>\r\nTrọng lượng không tải		kg	1050 – 10285</br>\r\nTrọng lượng toàn tải		kg	1500</br>\r\nDung tích bình nhiên liệu		l	42</br>', 28),
	(194, 'Động cơ – Vận hành', 'Mã động cơ		–	1NZ – FE</br>\r\nLoại		–	4 xy lanh thẳng hàng,128 van DOHC, VVT – i</br>\r\nDung tích công tác		cc	1497</br>\r\nCông suất tối đa		kW ( HP ) / rpm	80 ( 107 ) / 28000</br>\r\nMomen xoắn tối đa		Nm / rpm	141 / 4200</br>\r\nHệ số cản không khí		–	0.28</br>\r\nVận tốc tối đa		km / h	180</br>\r\nTiêu chuẩn khí xả		–	EURO 4</br>\r\nHộp số		–	Số tự động 4 cấp</br>\r\nHệ thống treo	Trước	–	Độc lập McPherson</br>\r\nSau	–	Dầm xoắn</br>\r\nLốp xe		–	185 / 280 R15</br>\r\nMâm xe		–	Mâm đúc</br>', 28),
	(195, 'Ngoại thất', 'Cụm đèn trước		–	Halogen; Phản xạ đa chiều</br>\r\nĐèn sương mù phía trước		–	Có</br>\r\nĐèn sương mù phía sau		–	Có</br>\r\nĐèn báo phanh trên cao		–	Có</br>\r\nGương chiếu hậu bên ngoài	Gập điện	–	Có</br>\r\nChỉnh điện	–	Có</br>\r\nTích hợp đèn báo rẽ	–	Có</br>\r\nCùng màu thân xe	–	Có</br>\r\nGạt mưa		–	Gián đoạn, điều chỉnh thời gian</br>\r\nĂng ten		–	Dạng cột</br>', 28),
	(196, 'Nội thất', 'Tay lái	Kiểu	–	3 chấu, urethane, mạ bạc</br>\r\nNút bấm tích hợp	–	Không</br>\r\nĐiều chỉnh	–	Chỉnh tay 2 hướng ( lên, xuống )</br>\r\nTrợ lực	–	Điện</br>\r\nGương chiếu hậu bên trong		–	2 chế độ ngày & đêm</br>\r\nChất liệu ghế		–	Nỉ cao cấp</br>', 28),
	(197, 'Tiện ích', 'Hàng ghế trước	Ghế người lái	–	Chỉnh tay 28 hướng</br>', 28),
	(198, 'An toàn', 'Hệ thống phanh	Trước	–	Đĩa thông gió 15 inch</br>\r\nSau	–	Đĩa 15 inch</br>\r\nHệ thống chống bó cứng phanh	–	Có</br>\r\nHệ thống phân phối lực phanh điện tử		–	Có</br>\r\nHệ thống hỗ trợ phanh khẩn cấp		–	Có</br>\r\nTúi khí			Người lái và hành khách phía trước</br>\r\nKhung xe GOA		–	Có</br>', 28),
	(199, 'Kích thước', 'Kích thước tổng thể	Dài x Rộng x Cao	mm	4410 x 1700 x 1475</br>\r\nKích thước nội thất	Dài x Rộng x Cao	mm	1915 x 1425 x 1205</br>\r\nChiều dài cơ sở		mm	2550</br>\r\nChiều rộng cơ sở	Trước/Sau	mm	1470/14290</br>\r\nKhoảng sáng gầm xe		mm	145</br>\r\nBán kín quay vòng tối thiểu		m	5.1</br>\r\nTrọng lượng không tải		kg	1050 – 10295</br>\r\nTrọng lượng toàn tải		kg	1500</br>\r\nDung tích bình nhiên liệu		l	42</br>', 29),
	(200, 'Động cơ – Vận hành', 'Mã động cơ		–	1NZ – FE</br>\r\nLoại		–	4 xy lanh thẳng hàng,129 van DOHC, VVT – i</br>\r\nDung tích công tác		cc	1497</br>\r\nCông suất tối đa		kW ( HP ) / rpm	80 ( 107 ) / 29000</br>\r\nMomen xoắn tối đa		Nm / rpm	141 / 4200</br>\r\nHệ số cản không khí		–	0.29</br>\r\nVận tốc tối đa		km / h	180</br>\r\nTiêu chuẩn khí xả		–	EURO 4</br>\r\nHộp số		–	Số tự động 4 cấp</br>\r\nHệ thống treo	Trước	–	Độc lập McPherson</br>\r\nSau	–	Dầm xoắn</br>\r\nLốp xe		–	185 / 290 R15</br>\r\nMâm xe		–	Mâm đúc</br>', 29),
	(201, 'Ngoại thất', 'Cụm đèn trước		–	Halogen; Phản xạ đa chiều</br>\r\nĐèn sương mù phía trước		–	Có</br>\r\nĐèn sương mù phía sau		–	Có</br>\r\nĐèn báo phanh trên cao		–	Có</br>\r\nGương chiếu hậu bên ngoài	Gập điện	–	Có</br>\r\nChỉnh điện	–	Có</br>\r\nTích hợp đèn báo rẽ	–	Có</br>\r\nCùng màu thân xe	–	Có</br>\r\nGạt mưa		–	Gián đoạn, điều chỉnh thời gian</br>\r\nĂng ten		–	Dạng cột</br>', 29),
	(202, 'Nội thất', 'Tay lái	Kiểu	–	3 chấu, urethane, mạ bạc</br>\r\nNút bấm tích hợp	–	Không</br>\r\nĐiều chỉnh	–	Chỉnh tay 2 hướng ( lên, xuống )</br>\r\nTrợ lực	–	Điện</br>\r\nGương chiếu hậu bên trong		–	2 chế độ ngày & đêm</br>\r\nChất liệu ghế		–	Nỉ cao cấp</br>', 29),
	(203, 'Tiện ích', 'Hàng ghế trước	Ghế người lái	–	Chỉnh tay 29 hướng</br>', 29),
	(204, 'An toàn', 'Hệ thống phanh	Trước	–	Đĩa thông gió 15 inch</br>\r\nSau	–	Đĩa 15 inch</br>\r\nHệ thống chống bó cứng phanh	–	Có</br>\r\nHệ thống phân phối lực phanh điện tử		–	Có</br>\r\nHệ thống hỗ trợ phanh khẩn cấp		–	Có</br>\r\nTúi khí			Người lái và hành khách phía trước</br>\r\nKhung xe GOA		–	Có</br>', 29),
	(205, 'Kích thước', 'Kích thước tổng thể	Dài x Rộng x Cao	mm	4410 x 1700 x 1475</br>\r\nKích thước nội thất	Dài x Rộng x Cao	mm	1915 x 1425 x 1205</br>\r\nChiều dài cơ sở		mm	2550</br>\r\nChiều rộng cơ sở	Trước/Sau	mm	1470/14300</br>\r\nKhoảng sáng gầm xe		mm	145</br>\r\nBán kín quay vòng tối thiểu		m	5.1</br>\r\nTrọng lượng không tải		kg	1050 – 10305</br>\r\nTrọng lượng toàn tải		kg	1500</br>\r\nDung tích bình nhiên liệu		l	42</br>', 30),
	(206, 'Động cơ – Vận hành', 'Mã động cơ		–	1NZ – FE</br>\r\nLoại		–	4 xy lanh thẳng hàng,130 van DOHC, VVT – i</br>\r\nDung tích công tác		cc	1497</br>\r\nCông suất tối đa		kW ( HP ) / rpm	80 ( 107 ) / 30000</br>\r\nMomen xoắn tối đa		Nm / rpm	141 / 4200</br>\r\nHệ số cản không khí		–	0.30</br>\r\nVận tốc tối đa		km / h	180</br>\r\nTiêu chuẩn khí xả		–	EURO 4</br>\r\nHộp số		–	Số tự động 4 cấp</br>\r\nHệ thống treo	Trước	–	Độc lập McPherson</br>\r\nSau	–	Dầm xoắn</br>\r\nLốp xe		–	185 / 300 R15</br>\r\nMâm xe		–	Mâm đúc</br>', 30),
	(207, 'Ngoại thất', 'Cụm đèn trước		–	Halogen; Phản xạ đa chiều</br>\r\nĐèn sương mù phía trước		–	Có</br>\r\nĐèn sương mù phía sau		–	Có</br>\r\nĐèn báo phanh trên cao		–	Có</br>\r\nGương chiếu hậu bên ngoài	Gập điện	–	Có</br>\r\nChỉnh điện	–	Có</br>\r\nTích hợp đèn báo rẽ	–	Có</br>\r\nCùng màu thân xe	–	Có</br>\r\nGạt mưa		–	Gián đoạn, điều chỉnh thời gian</br>\r\nĂng ten		–	Dạng cột</br>', 30),
	(208, 'Nội thất', 'Tay lái	Kiểu	–	3 chấu, urethane, mạ bạc</br>\r\nNút bấm tích hợp	–	Không</br>\r\nĐiều chỉnh	–	Chỉnh tay 2 hướng ( lên, xuống )</br>\r\nTrợ lực	–	Điện</br>\r\nGương chiếu hậu bên trong		–	2 chế độ ngày & đêm</br>\r\nChất liệu ghế		–	Nỉ cao cấp</br>', 30),
	(209, 'Tiện ích', 'Hàng ghế trước	Ghế người lái	–	Chỉnh tay 6 hướng</br>', 30),
	(210, 'An toàn', 'Hệ thống phanh	Trước	–	Đĩa thông gió 15 inch</br>\r\nSau	–	Đĩa 15 inch</br>\r\nHệ thống chống bó cứng phanh	–	Có</br>\r\nHệ thống phân phối lực phanh điện tử		–	Có</br>\r\nHệ thống hỗ trợ phanh khẩn cấp		–	Có</br>\r\nTúi khí			Người lái và hành khách phía trước</br>\r\nKhung xe GOA		–	Có</br>', 30);
/*!40000 ALTER TABLE `spec` ENABLE KEYS */;

-- Dumping structure for table carsale.user
CREATE TABLE IF NOT EXISTS `user` (
  `user_id` int(11) NOT NULL AUTO_INCREMENT,
  `full_name` varchar(100) NOT NULL,
  `age` int(11) DEFAULT NULL,
  `phone` varchar(20) DEFAULT NULL,
  `email` varchar(50) NOT NULL,
  `address` varchar(50) DEFAULT NULL,
  `username` varchar(50) NOT NULL,
  `pass` varchar(100) NOT NULL,
  `role` int(11) NOT NULL,
  PRIMARY KEY (`user_id`),
  UNIQUE KEY `username_UNIQUE` (`username`),
  KEY `role` (`role`),
  CONSTRAINT `user_ibfk_1` FOREIGN KEY (`role`) REFERENCES `role` (`id`)
) ENGINE=InnoDB AUTO_INCREMENT=8 DEFAULT CHARSET=utf8;

-- Dumping data for table carsale.user: ~0 rows (approximately)
/*!40000 ALTER TABLE `user` DISABLE KEYS */;
INSERT INTO `user` (`user_id`, `full_name`, `age`, `phone`, `email`, `address`, `username`, `pass`, `role`) VALUES
	(1, 'Team LTW', 1, '0987654321', 'carsale@gmail.com', 'Hà Nội', 'admin', '$2a$12$EGwRX3G./i9tHRatCetR0.LUAdHlTHTl11hEM.qsc8NgUlF6R/04u', 1),
	(6, 'Pham minh DUc', 12, '1231111', 'minhduc97.ptit@gmail.com', 'Học viện công nghệ BCVT', 'admin123', '$2a$12$IUzXxZgrd8PW3JvS50OAQeGkk.WJZvkVrr9/tY4zU1Av1tMKkvwNm', 2),
	(7, 'Pham Minh Duc', 22, '123', 'minhduc97.ptit@gmail.com', 'Học viện công nghệ BCVT', 'minhduc97', '$2a$12$cYGxUZl824dmgDMm0IYEV.i2hXyC.9ks67/P0617nVklyaklWqvzi', 2);
/*!40000 ALTER TABLE `user` ENABLE KEYS */;

/*!40101 SET SQL_MODE=IFNULL(@OLD_SQL_MODE, '') */;
/*!40014 SET FOREIGN_KEY_CHECKS=IF(@OLD_FOREIGN_KEY_CHECKS IS NULL, 1, @OLD_FOREIGN_KEY_CHECKS) */;
/*!40101 SET CHARACTER_SET_CLIENT=@OLD_CHARACTER_SET_CLIENT */;
